id,gas_price
AGO,2.652353376
AGO,2.589424051
AGO,2.510572785
AGO,2.495984177
AGO,2.441277426
AGO,2.773683544
AGO,3.301046414
AGO,4.155848101
AGO,3.712627637
AGO,4.249008439
AGO,5.689913502
AGO,6.409008439
AGO,6.56332173
AGO,5.775166667
AGO,5.424973629
AGO,5.097799578
AGO,4.36528903
AGO,3.06643038
AGO,2.703374473
AGO,2.587838608
AGO,3.246745781
AGO,3.597694093
AGO,2.847906118
AGO,2.793740506
AGO,2.489883966
AGO,2.381257384
AGO,2.29275211
AGO,2.388709916
AGO,2.089648734
AGO,2.086514768
AGO,3.703765823
AGO,3.844696203
AGO,3.56332173
AGO,5.920566456
AGO,6.070709916
AGO,9.00903903
AGO,5.77772569
AGO,5.77205776
AGO,7.077590651
AGO,3.125018062
AGO,3.537880178
AGO,3.023886476
AGO,1.995052136
AGO,2.740399897
ALB,2.652353376
ALB,2.589424051
ALB,2.510572785
ALB,2.495984177
ALB,2.441277426
ALB,2.773683544
ALB,3.301046414
ALB,4.155848101
ALB,3.712627637
ALB,4.249008439
ALB,5.689913502
ALB,6.409008439
ALB,6.56332173
ALB,5.775166667
ALB,5.424973629
ALB,5.097799578
ALB,4.36528903
ALB,3.06643038
ALB,2.703374473
ALB,2.587838608
ALB,3.246745781
ALB,3.597694093
ALB,2.847906118
ALB,2.793740506
ALB,2.489883966
ALB,2.381257384
ALB,2.29275211
ALB,2.388709916
ALB,2.089648734
ALB,2.086514768
ALB,3.703765823
ALB,3.844696203
ALB,3.56332173
ALB,5.920566456
ALB,6.070709916
ALB,9.00903903
ALB,5.77772569
ALB,5.77205776
ALB,7.077590651
ALB,3.125018062
ALB,3.537880178
ALB,3.023886476
ALB,1.995052136
ALB,2.740399897
ARE,2.652353376
ARE,2.589424051
ARE,2.510572785
ARE,2.495984177
ARE,2.441277426
ARE,2.773683544
ARE,3.301046414
ARE,4.155848101
ARE,3.712627637
ARE,4.249008439
ARE,5.689913502
ARE,6.409008439
ARE,6.56332173
ARE,5.775166667
ARE,5.424973629
ARE,5.097799578
ARE,4.36528903
ARE,3.06643038
ARE,2.703374473
ARE,2.587838608
ARE,3.246745781
ARE,3.597694093
ARE,2.847906118
ARE,2.793740506
ARE,2.489883966
ARE,2.381257384
ARE,2.29275211
ARE,2.388709916
ARE,2.089648734
ARE,2.086514768
ARE,3.703765823
ARE,3.844696203
ARE,3.56332173
ARE,5.920566456
ARE,6.070709916
ARE,9.00903903
ARE,5.77772569
ARE,5.77205776
ARE,7.077590651
ARE,3.125018062
ARE,3.537880178
ARE,3.023886476
ARE,1.995052136
ARE,2.740399897
ARG,2.652353376
ARG,2.589424051
ARG,2.510572785
ARG,2.495984177
ARG,2.441277426
ARG,2.773683544
ARG,3.301046414
ARG,4.155848101
ARG,3.712627637
ARG,4.249008439
ARG,5.689913502
ARG,6.409008439
ARG,6.56332173
ARG,5.775166667
ARG,5.424973629
ARG,5.097799578
ARG,4.36528903
ARG,3.06643038
ARG,2.703374473
ARG,2.587838608
ARG,3.246745781
ARG,3.597694093
ARG,2.847906118
ARG,2.793740506
ARG,2.489883966
ARG,2.381257384
ARG,2.29275211
ARG,2.388709916
ARG,2.089648734
ARG,2.086514768
ARG,3.703765823
ARG,3.844696203
ARG,3.56332173
ARG,5.920566456
ARG,6.070709916
ARG,9.00903903
ARG,5.77772569
ARG,5.77205776
ARG,7.077590651
ARG,3.125018062
ARG,3.537880178
ARG,3.023886476
ARG,1.995052136
ARG,2.740399897
AUS,2.652353376
AUS,2.589424051
AUS,2.510572785
AUS,2.495984177
AUS,2.441277426
AUS,2.773683544
AUS,3.301046414
AUS,4.155848101
AUS,3.712627637
AUS,4.249008439
AUS,5.689913502
AUS,6.409008439
AUS,6.56332173
AUS,5.775166667
AUS,5.424973629
AUS,5.097799578
AUS,4.36528903
AUS,3.06643038
AUS,2.703374473
AUS,2.587838608
AUS,3.246745781
AUS,3.597694093
AUS,2.847906118
AUS,2.793740506
AUS,2.489883966
AUS,2.381257384
AUS,2.29275211
AUS,2.388709916
AUS,2.089648734
AUS,2.086514768
AUS,3.703765823
AUS,3.844696203
AUS,3.56332173
AUS,5.920566456
AUS,6.070709916
AUS,9.00903903
AUS,5.77772569
AUS,5.77205776
AUS,7.077590651
AUS,3.125018062
AUS,3.537880178
AUS,3.023886476
AUS,1.995052136
AUS,2.740399897
AUT,2.652353376
AUT,2.589424051
AUT,2.510572785
AUT,2.495984177
AUT,2.441277426
AUT,2.773683544
AUT,3.301046414
AUT,4.155848101
AUT,3.712627637
AUT,4.249008439
AUT,5.689913502
AUT,6.409008439
AUT,6.56332173
AUT,5.775166667
AUT,5.424973629
AUT,5.097799578
AUT,4.36528903
AUT,3.06643038
AUT,2.703374473
AUT,2.587838608
AUT,3.246745781
AUT,3.597694093
AUT,2.847906118
AUT,2.793740506
AUT,2.489883966
AUT,2.381257384
AUT,2.29275211
AUT,2.388709916
AUT,2.089648734
AUT,2.086514768
AUT,3.703765823
AUT,3.844696203
AUT,3.56332173
AUT,5.920566456
AUT,6.070709916
AUT,9.00903903
AUT,5.77772569
AUT,5.77205776
AUT,7.077590651
AUT,3.125018062
AUT,3.537880178
AUT,3.023886476
AUT,1.995052136
AUT,2.740399897
BHR,2.652353376
BHR,2.589424051
BHR,2.510572785
BHR,2.495984177
BHR,2.441277426
BHR,2.773683544
BHR,3.301046414
BHR,4.155848101
BHR,3.712627637
BHR,4.249008439
BHR,5.689913502
BHR,6.409008439
BHR,6.56332173
BHR,5.775166667
BHR,5.424973629
BHR,5.097799578
BHR,4.36528903
BHR,3.06643038
BHR,2.703374473
BHR,2.587838608
BHR,3.246745781
BHR,3.597694093
BHR,2.847906118
BHR,2.793740506
BHR,2.489883966
BHR,2.381257384
BHR,2.29275211
BHR,2.388709916
BHR,2.089648734
BHR,2.086514768
BHR,3.703765823
BHR,3.844696203
BHR,3.56332173
BHR,5.920566456
BHR,6.070709916
BHR,9.00903903
BHR,5.77772569
BHR,5.77205776
BHR,7.077590651
BHR,3.125018062
BHR,3.537880178
BHR,3.023886476
BHR,1.995052136
BHR,2.740399897
BOL,2.652353376
BOL,2.589424051
BOL,2.510572785
BOL,2.495984177
BOL,2.441277426
BOL,2.773683544
BOL,3.301046414
BOL,4.155848101
BOL,3.712627637
BOL,4.249008439
BOL,5.689913502
BOL,6.409008439
BOL,6.56332173
BOL,5.775166667
BOL,5.424973629
BOL,5.097799578
BOL,4.36528903
BOL,3.06643038
BOL,2.703374473
BOL,2.587838608
BOL,3.246745781
BOL,3.597694093
BOL,2.847906118
BOL,2.793740506
BOL,2.489883966
BOL,2.381257384
BOL,2.29275211
BOL,2.388709916
BOL,2.089648734
BOL,2.086514768
BOL,3.703765823
BOL,3.844696203
BOL,3.56332173
BOL,5.920566456
BOL,6.070709916
BOL,9.00903903
BOL,5.77772569
BOL,5.77205776
BOL,7.077590651
BOL,3.125018062
BOL,3.537880178
BOL,3.023886476
BOL,1.995052136
BOL,2.740399897
BRA,2.652353376
BRA,2.589424051
BRA,2.510572785
BRA,2.495984177
BRA,2.441277426
BRA,2.773683544
BRA,3.301046414
BRA,4.155848101
BRA,3.712627637
BRA,4.249008439
BRA,5.689913502
BRA,6.409008439
BRA,6.56332173
BRA,5.775166667
BRA,5.424973629
BRA,5.097799578
BRA,4.36528903
BRA,3.06643038
BRA,2.703374473
BRA,2.587838608
BRA,3.246745781
BRA,3.597694093
BRA,2.847906118
BRA,2.793740506
BRA,2.489883966
BRA,2.381257384
BRA,2.29275211
BRA,2.388709916
BRA,2.089648734
BRA,2.086514768
BRA,3.703765823
BRA,3.844696203
BRA,3.56332173
BRA,5.920566456
BRA,6.070709916
BRA,9.00903903
BRA,5.77772569
BRA,5.77205776
BRA,7.077590651
BRA,3.125018062
BRA,3.537880178
BRA,3.023886476
BRA,1.995052136
BRA,2.740399897
CAN,2.652353376
CAN,2.589424051
CAN,2.510572785
CAN,2.495984177
CAN,2.441277426
CAN,2.773683544
CAN,3.301046414
CAN,4.155848101
CAN,3.712627637
CAN,4.249008439
CAN,5.689913502
CAN,6.409008439
CAN,6.56332173
CAN,5.775166667
CAN,5.424973629
CAN,5.097799578
CAN,4.36528903
CAN,3.06643038
CAN,2.703374473
CAN,2.587838608
CAN,3.246745781
CAN,3.597694093
CAN,2.847906118
CAN,2.793740506
CAN,2.489883966
CAN,2.381257384
CAN,2.29275211
CAN,2.388709916
CAN,2.089648734
CAN,2.086514768
CAN,3.703765823
CAN,3.844696203
CAN,3.56332173
CAN,5.920566456
CAN,6.070709916
CAN,9.00903903
CAN,5.77772569
CAN,5.77205776
CAN,7.077590651
CAN,3.125018062
CAN,3.537880178
CAN,3.023886476
CAN,1.995052136
CAN,2.740399897
CHL,2.652353376
CHL,2.589424051
CHL,2.510572785
CHL,2.495984177
CHL,2.441277426
CHL,2.773683544
CHL,3.301046414
CHL,4.155848101
CHL,3.712627637
CHL,4.249008439
CHL,5.689913502
CHL,6.409008439
CHL,6.56332173
CHL,5.775166667
CHL,5.424973629
CHL,5.097799578
CHL,4.36528903
CHL,3.06643038
CHL,2.703374473
CHL,2.587838608
CHL,3.246745781
CHL,3.597694093
CHL,2.847906118
CHL,2.793740506
CHL,2.489883966
CHL,2.381257384
CHL,2.29275211
CHL,2.388709916
CHL,2.089648734
CHL,2.086514768
CHL,3.703765823
CHL,3.844696203
CHL,3.56332173
CHL,5.920566456
CHL,6.070709916
CHL,9.00903903
CHL,5.77772569
CHL,5.77205776
CHL,7.077590651
CHL,3.125018062
CHL,3.537880178
CHL,3.023886476
CHL,1.995052136
CHL,2.740399897
CHN,2.652353376
CHN,2.589424051
CHN,2.510572785
CHN,2.495984177
CHN,2.441277426
CHN,2.773683544
CHN,3.301046414
CHN,4.155848101
CHN,3.712627637
CHN,4.249008439
CHN,5.689913502
CHN,6.409008439
CHN,6.56332173
CHN,5.775166667
CHN,5.424973629
CHN,5.097799578
CHN,4.36528903
CHN,3.06643038
CHN,2.703374473
CHN,2.587838608
CHN,3.246745781
CHN,3.597694093
CHN,2.847906118
CHN,2.793740506
CHN,2.489883966
CHN,2.381257384
CHN,2.29275211
CHN,2.388709916
CHN,2.089648734
CHN,2.086514768
CHN,3.703765823
CHN,3.844696203
CHN,3.56332173
CHN,5.920566456
CHN,6.070709916
CHN,9.00903903
CHN,5.77772569
CHN,5.77205776
CHN,7.077590651
CHN,3.125018062
CHN,3.537880178
CHN,3.023886476
CHN,1.995052136
CHN,2.740399897
DEU,2.652353376
DEU,2.589424051
DEU,2.510572785
DEU,2.495984177
DEU,2.441277426
DEU,2.773683544
DEU,3.301046414
DEU,4.155848101
DEU,3.712627637
DEU,4.249008439
DEU,5.689913502
DEU,6.409008439
DEU,6.56332173
DEU,5.775166667
DEU,5.424973629
DEU,5.097799578
DEU,4.36528903
DEU,3.06643038
DEU,2.703374473
DEU,2.587838608
DEU,3.246745781
DEU,3.597694093
DEU,2.847906118
DEU,2.793740506
DEU,2.489883966
DEU,2.381257384
DEU,2.29275211
DEU,2.388709916
DEU,2.089648734
DEU,2.086514768
DEU,3.703765823
DEU,3.844696203
DEU,3.56332173
DEU,5.920566456
DEU,6.070709916
DEU,9.00903903
DEU,5.77772569
DEU,5.77205776
DEU,7.077590651
DEU,3.125018062
DEU,3.537880178
DEU,3.023886476
DEU,1.995052136
DEU,2.740399897
DZA,2.652353376
DZA,2.589424051
DZA,2.510572785
DZA,2.495984177
DZA,2.441277426
DZA,2.773683544
DZA,3.301046414
DZA,4.155848101
DZA,3.712627637
DZA,4.249008439
DZA,5.689913502
DZA,6.409008439
DZA,6.56332173
DZA,5.775166667
DZA,5.424973629
DZA,5.097799578
DZA,4.36528903
DZA,3.06643038
DZA,2.703374473
DZA,2.587838608
DZA,3.246745781
DZA,3.597694093
DZA,2.847906118
DZA,2.793740506
DZA,2.489883966
DZA,2.381257384
DZA,2.29275211
DZA,2.388709916
DZA,2.089648734
DZA,2.086514768
DZA,3.703765823
DZA,3.844696203
DZA,3.56332173
DZA,5.920566456
DZA,6.070709916
DZA,9.00903903
DZA,5.77772569
DZA,5.77205776
DZA,7.077590651
DZA,3.125018062
DZA,3.537880178
DZA,3.023886476
DZA,1.995052136
DZA,2.740399897
ECU,2.652353376
ECU,2.589424051
ECU,2.510572785
ECU,2.495984177
ECU,2.441277426
ECU,2.773683544
ECU,3.301046414
ECU,4.155848101
ECU,3.712627637
ECU,4.249008439
ECU,5.689913502
ECU,6.409008439
ECU,6.56332173
ECU,5.775166667
ECU,5.424973629
ECU,5.097799578
ECU,4.36528903
ECU,3.06643038
ECU,2.703374473
ECU,2.587838608
ECU,3.246745781
ECU,3.597694093
ECU,2.847906118
ECU,2.793740506
ECU,2.489883966
ECU,2.381257384
ECU,2.29275211
ECU,2.388709916
ECU,2.089648734
ECU,2.086514768
ECU,3.703765823
ECU,3.844696203
ECU,3.56332173
ECU,5.920566456
ECU,6.070709916
ECU,9.00903903
ECU,5.77772569
ECU,5.77205776
ECU,7.077590651
ECU,3.125018062
ECU,3.537880178
ECU,3.023886476
ECU,1.995052136
ECU,2.740399897
EGY,2.652353376
EGY,2.589424051
EGY,2.510572785
EGY,2.495984177
EGY,2.441277426
EGY,2.773683544
EGY,3.301046414
EGY,4.155848101
EGY,3.712627637
EGY,4.249008439
EGY,5.689913502
EGY,6.409008439
EGY,6.56332173
EGY,5.775166667
EGY,5.424973629
EGY,5.097799578
EGY,4.36528903
EGY,3.06643038
EGY,2.703374473
EGY,2.587838608
EGY,3.246745781
EGY,3.597694093
EGY,2.847906118
EGY,2.793740506
EGY,2.489883966
EGY,2.381257384
EGY,2.29275211
EGY,2.388709916
EGY,2.089648734
EGY,2.086514768
EGY,3.703765823
EGY,3.844696203
EGY,3.56332173
EGY,5.920566456
EGY,6.070709916
EGY,9.00903903
EGY,5.77772569
EGY,5.77205776
EGY,7.077590651
EGY,3.125018062
EGY,3.537880178
EGY,3.023886476
EGY,1.995052136
EGY,2.740399897
ESP,2.652353376
ESP,2.589424051
ESP,2.510572785
ESP,2.495984177
ESP,2.441277426
ESP,2.773683544
ESP,3.301046414
ESP,4.155848101
ESP,3.712627637
ESP,4.249008439
ESP,5.689913502
ESP,6.409008439
ESP,6.56332173
ESP,5.775166667
ESP,5.424973629
ESP,5.097799578
ESP,4.36528903
ESP,3.06643038
ESP,2.703374473
ESP,2.587838608
ESP,3.246745781
ESP,3.597694093
ESP,2.847906118
ESP,2.793740506
ESP,2.489883966
ESP,2.381257384
ESP,2.29275211
ESP,2.388709916
ESP,2.089648734
ESP,2.086514768
ESP,3.703765823
ESP,3.844696203
ESP,3.56332173
ESP,5.920566456
ESP,6.070709916
ESP,9.00903903
ESP,5.77772569
ESP,5.77205776
ESP,7.077590651
ESP,3.125018062
ESP,3.537880178
ESP,3.023886476
ESP,1.995052136
ESP,2.740399897
FRA,2.652353376
FRA,2.589424051
FRA,2.510572785
FRA,2.495984177
FRA,2.441277426
FRA,2.773683544
FRA,3.301046414
FRA,4.155848101
FRA,3.712627637
FRA,4.249008439
FRA,5.689913502
FRA,6.409008439
FRA,6.56332173
FRA,5.775166667
FRA,5.424973629
FRA,5.097799578
FRA,4.36528903
FRA,3.06643038
FRA,2.703374473
FRA,2.587838608
FRA,3.246745781
FRA,3.597694093
FRA,2.847906118
FRA,2.793740506
FRA,2.489883966
FRA,2.381257384
FRA,2.29275211
FRA,2.388709916
FRA,2.089648734
FRA,2.086514768
FRA,3.703765823
FRA,3.844696203
FRA,3.56332173
FRA,5.920566456
FRA,6.070709916
FRA,9.00903903
FRA,5.77772569
FRA,5.77205776
FRA,7.077590651
FRA,3.125018062
FRA,3.537880178
FRA,3.023886476
FRA,1.995052136
FRA,2.740399897
GAB,2.652353376
GAB,2.589424051
GAB,2.510572785
GAB,2.495984177
GAB,2.441277426
GAB,2.773683544
GAB,3.301046414
GAB,4.155848101
GAB,3.712627637
GAB,4.249008439
GAB,5.689913502
GAB,6.409008439
GAB,6.56332173
GAB,5.775166667
GAB,5.424973629
GAB,5.097799578
GAB,4.36528903
GAB,3.06643038
GAB,2.703374473
GAB,2.587838608
GAB,3.246745781
GAB,3.597694093
GAB,2.847906118
GAB,2.793740506
GAB,2.489883966
GAB,2.381257384
GAB,2.29275211
GAB,2.388709916
GAB,2.089648734
GAB,2.086514768
GAB,3.703765823
GAB,3.844696203
GAB,3.56332173
GAB,5.920566456
GAB,6.070709916
GAB,9.00903903
GAB,5.77772569
GAB,5.77205776
GAB,7.077590651
GAB,3.125018062
GAB,3.537880178
GAB,3.023886476
GAB,1.995052136
GAB,2.740399897
GBR,2.652353376
GBR,2.589424051
GBR,2.510572785
GBR,2.495984177
GBR,2.441277426
GBR,2.773683544
GBR,3.301046414
GBR,4.155848101
GBR,3.712627637
GBR,4.249008439
GBR,5.689913502
GBR,6.409008439
GBR,6.56332173
GBR,5.775166667
GBR,5.424973629
GBR,5.097799578
GBR,4.36528903
GBR,3.06643038
GBR,2.703374473
GBR,2.587838608
GBR,3.246745781
GBR,3.597694093
GBR,2.847906118
GBR,2.793740506
GBR,2.489883966
GBR,2.381257384
GBR,2.29275211
GBR,2.388709916
GBR,2.089648734
GBR,2.086514768
GBR,3.703765823
GBR,3.844696203
GBR,3.56332173
GBR,5.920566456
GBR,6.070709916
GBR,9.00903903
GBR,5.77772569
GBR,5.77205776
GBR,7.077590651
GBR,3.125018062
GBR,3.537880178
GBR,3.023886476
GBR,1.995052136
GBR,2.740399897
HUN,2.652353376
HUN,2.589424051
HUN,2.510572785
HUN,2.495984177
HUN,2.441277426
HUN,2.773683544
HUN,3.301046414
HUN,4.155848101
HUN,3.712627637
HUN,4.249008439
HUN,5.689913502
HUN,6.409008439
HUN,6.56332173
HUN,5.775166667
HUN,5.424973629
HUN,5.097799578
HUN,4.36528903
HUN,3.06643038
HUN,2.703374473
HUN,2.587838608
HUN,3.246745781
HUN,3.597694093
HUN,2.847906118
HUN,2.793740506
HUN,2.489883966
HUN,2.381257384
HUN,2.29275211
HUN,2.388709916
HUN,2.089648734
HUN,2.086514768
HUN,3.703765823
HUN,3.844696203
HUN,3.56332173
HUN,5.920566456
HUN,6.070709916
HUN,9.00903903
HUN,5.77772569
HUN,5.77205776
HUN,7.077590651
HUN,3.125018062
HUN,3.537880178
HUN,3.023886476
HUN,1.995052136
HUN,2.740399897
IND,2.652353376
IND,2.589424051
IND,2.510572785
IND,2.495984177
IND,2.441277426
IND,2.773683544
IND,3.301046414
IND,4.155848101
IND,3.712627637
IND,4.249008439
IND,5.689913502
IND,6.409008439
IND,6.56332173
IND,5.775166667
IND,5.424973629
IND,5.097799578
IND,4.36528903
IND,3.06643038
IND,2.703374473
IND,2.587838608
IND,3.246745781
IND,3.597694093
IND,2.847906118
IND,2.793740506
IND,2.489883966
IND,2.381257384
IND,2.29275211
IND,2.388709916
IND,2.089648734
IND,2.086514768
IND,3.703765823
IND,3.844696203
IND,3.56332173
IND,5.920566456
IND,6.070709916
IND,9.00903903
IND,5.77772569
IND,5.77205776
IND,7.077590651
IND,3.125018062
IND,3.537880178
IND,3.023886476
IND,1.995052136
IND,2.740399897
IRN,2.652353376
IRN,2.589424051
IRN,2.510572785
IRN,2.495984177
IRN,2.441277426
IRN,2.773683544
IRN,3.301046414
IRN,4.155848101
IRN,3.712627637
IRN,4.249008439
IRN,5.689913502
IRN,6.409008439
IRN,6.56332173
IRN,5.775166667
IRN,5.424973629
IRN,5.097799578
IRN,4.36528903
IRN,3.06643038
IRN,2.703374473
IRN,2.587838608
IRN,3.246745781
IRN,3.597694093
IRN,2.847906118
IRN,2.793740506
IRN,2.489883966
IRN,2.381257384
IRN,2.29275211
IRN,2.388709916
IRN,2.089648734
IRN,2.086514768
IRN,3.703765823
IRN,3.844696203
IRN,3.56332173
IRN,5.920566456
IRN,6.070709916
IRN,9.00903903
IRN,5.77772569
IRN,5.77205776
IRN,7.077590651
IRN,3.125018062
IRN,3.537880178
IRN,3.023886476
IRN,1.995052136
IRN,2.740399897
IRQ,2.652353376
IRQ,2.589424051
IRQ,2.510572785
IRQ,2.495984177
IRQ,2.441277426
IRQ,2.773683544
IRQ,3.301046414
IRQ,4.155848101
IRQ,3.712627637
IRQ,4.249008439
IRQ,5.689913502
IRQ,6.409008439
IRQ,6.56332173
IRQ,5.775166667
IRQ,5.424973629
IRQ,5.097799578
IRQ,4.36528903
IRQ,3.06643038
IRQ,2.703374473
IRQ,2.587838608
IRQ,3.246745781
IRQ,3.597694093
IRQ,2.847906118
IRQ,2.793740506
IRQ,2.489883966
IRQ,2.381257384
IRQ,2.29275211
IRQ,2.388709916
IRQ,2.089648734
IRQ,2.086514768
IRQ,3.703765823
IRQ,3.844696203
IRQ,3.56332173
IRQ,5.920566456
IRQ,6.070709916
IRQ,9.00903903
IRQ,5.77772569
IRQ,5.77205776
IRQ,7.077590651
IRQ,3.125018062
IRQ,3.537880178
IRQ,3.023886476
IRQ,1.995052136
IRQ,2.740399897
ISR,2.652353376
ISR,2.589424051
ISR,2.510572785
ISR,2.495984177
ISR,2.441277426
ISR,2.773683544
ISR,3.301046414
ISR,4.155848101
ISR,3.712627637
ISR,4.249008439
ISR,5.689913502
ISR,6.409008439
ISR,6.56332173
ISR,5.775166667
ISR,5.424973629
ISR,5.097799578
ISR,4.36528903
ISR,3.06643038
ISR,2.703374473
ISR,2.587838608
ISR,3.246745781
ISR,3.597694093
ISR,2.847906118
ISR,2.793740506
ISR,2.489883966
ISR,2.381257384
ISR,2.29275211
ISR,2.388709916
ISR,2.089648734
ISR,2.086514768
ISR,3.703765823
ISR,3.844696203
ISR,3.56332173
ISR,5.920566456
ISR,6.070709916
ISR,9.00903903
ISR,5.77772569
ISR,5.77205776
ISR,7.077590651
ISR,3.125018062
ISR,3.537880178
ISR,3.023886476
ISR,1.995052136
ISR,2.740399897
ITA,2.652353376
ITA,2.589424051
ITA,2.510572785
ITA,2.495984177
ITA,2.441277426
ITA,2.773683544
ITA,3.301046414
ITA,4.155848101
ITA,3.712627637
ITA,4.249008439
ITA,5.689913502
ITA,6.409008439
ITA,6.56332173
ITA,5.775166667
ITA,5.424973629
ITA,5.097799578
ITA,4.36528903
ITA,3.06643038
ITA,2.703374473
ITA,2.587838608
ITA,3.246745781
ITA,3.597694093
ITA,2.847906118
ITA,2.793740506
ITA,2.489883966
ITA,2.381257384
ITA,2.29275211
ITA,2.388709916
ITA,2.089648734
ITA,2.086514768
ITA,3.703765823
ITA,3.844696203
ITA,3.56332173
ITA,5.920566456
ITA,6.070709916
ITA,9.00903903
ITA,5.77772569
ITA,5.77205776
ITA,7.077590651
ITA,3.125018062
ITA,3.537880178
ITA,3.023886476
ITA,1.995052136
ITA,2.740399897
JPN,2.652353376
JPN,2.589424051
JPN,2.510572785
JPN,2.495984177
JPN,2.441277426
JPN,2.773683544
JPN,3.301046414
JPN,4.155848101
JPN,3.712627637
JPN,4.249008439
JPN,5.689913502
JPN,6.409008439
JPN,6.56332173
JPN,5.775166667
JPN,5.424973629
JPN,5.097799578
JPN,4.36528903
JPN,3.06643038
JPN,2.703374473
JPN,2.587838608
JPN,3.246745781
JPN,3.597694093
JPN,2.847906118
JPN,2.793740506
JPN,2.489883966
JPN,2.381257384
JPN,2.29275211
JPN,2.388709916
JPN,2.089648734
JPN,2.086514768
JPN,3.703765823
JPN,3.844696203
JPN,3.56332173
JPN,5.920566456
JPN,6.070709916
JPN,9.00903903
JPN,5.77772569
JPN,5.77205776
JPN,7.077590651
JPN,3.125018062
JPN,3.537880178
JPN,3.023886476
JPN,1.995052136
JPN,2.740399897
KWT,2.652353376
KWT,2.589424051
KWT,2.510572785
KWT,2.495984177
KWT,2.441277426
KWT,2.773683544
KWT,3.301046414
KWT,4.155848101
KWT,3.712627637
KWT,4.249008439
KWT,5.689913502
KWT,6.409008439
KWT,6.56332173
KWT,5.775166667
KWT,5.424973629
KWT,5.097799578
KWT,4.36528903
KWT,3.06643038
KWT,2.703374473
KWT,2.587838608
KWT,3.246745781
KWT,3.597694093
KWT,2.847906118
KWT,2.793740506
KWT,2.489883966
KWT,2.381257384
KWT,2.29275211
KWT,2.388709916
KWT,2.089648734
KWT,2.086514768
KWT,3.703765823
KWT,3.844696203
KWT,3.56332173
KWT,5.920566456
KWT,6.070709916
KWT,9.00903903
KWT,5.77772569
KWT,5.77205776
KWT,7.077590651
KWT,3.125018062
KWT,3.537880178
KWT,3.023886476
KWT,1.995052136
KWT,2.740399897
MEX,2.652353376
MEX,2.589424051
MEX,2.510572785
MEX,2.495984177
MEX,2.441277426
MEX,2.773683544
MEX,3.301046414
MEX,4.155848101
MEX,3.712627637
MEX,4.249008439
MEX,5.689913502
MEX,6.409008439
MEX,6.56332173
MEX,5.775166667
MEX,5.424973629
MEX,5.097799578
MEX,4.36528903
MEX,3.06643038
MEX,2.703374473
MEX,2.587838608
MEX,3.246745781
MEX,3.597694093
MEX,2.847906118
MEX,2.793740506
MEX,2.489883966
MEX,2.381257384
MEX,2.29275211
MEX,2.388709916
MEX,2.089648734
MEX,2.086514768
MEX,3.703765823
MEX,3.844696203
MEX,3.56332173
MEX,5.920566456
MEX,6.070709916
MEX,9.00903903
MEX,5.77772569
MEX,5.77205776
MEX,7.077590651
MEX,3.125018062
MEX,3.537880178
MEX,3.023886476
MEX,1.995052136
MEX,2.740399897
MYS,2.652353376
MYS,2.589424051
MYS,2.510572785
MYS,2.495984177
MYS,2.441277426
MYS,2.773683544
MYS,3.301046414
MYS,4.155848101
MYS,3.712627637
MYS,4.249008439
MYS,5.689913502
MYS,6.409008439
MYS,6.56332173
MYS,5.775166667
MYS,5.424973629
MYS,5.097799578
MYS,4.36528903
MYS,3.06643038
MYS,2.703374473
MYS,2.587838608
MYS,3.246745781
MYS,3.597694093
MYS,2.847906118
MYS,2.793740506
MYS,2.489883966
MYS,2.381257384
MYS,2.29275211
MYS,2.388709916
MYS,2.089648734
MYS,2.086514768
MYS,3.703765823
MYS,3.844696203
MYS,3.56332173
MYS,5.920566456
MYS,6.070709916
MYS,9.00903903
MYS,5.77772569
MYS,5.77205776
MYS,7.077590651
MYS,3.125018062
MYS,3.537880178
MYS,3.023886476
MYS,1.995052136
MYS,2.740399897
NGA,2.652353376
NGA,2.589424051
NGA,2.510572785
NGA,2.495984177
NGA,2.441277426
NGA,2.773683544
NGA,3.301046414
NGA,4.155848101
NGA,3.712627637
NGA,4.249008439
NGA,5.689913502
NGA,6.409008439
NGA,6.56332173
NGA,5.775166667
NGA,5.424973629
NGA,5.097799578
NGA,4.36528903
NGA,3.06643038
NGA,2.703374473
NGA,2.587838608
NGA,3.246745781
NGA,3.597694093
NGA,2.847906118
NGA,2.793740506
NGA,2.489883966
NGA,2.381257384
NGA,2.29275211
NGA,2.388709916
NGA,2.089648734
NGA,2.086514768
NGA,3.703765823
NGA,3.844696203
NGA,3.56332173
NGA,5.920566456
NGA,6.070709916
NGA,9.00903903
NGA,5.77772569
NGA,5.77205776
NGA,7.077590651
NGA,3.125018062
NGA,3.537880178
NGA,3.023886476
NGA,1.995052136
NGA,2.740399897
NLD,2.652353376
NLD,2.589424051
NLD,2.510572785
NLD,2.495984177
NLD,2.441277426
NLD,2.773683544
NLD,3.301046414
NLD,4.155848101
NLD,3.712627637
NLD,4.249008439
NLD,5.689913502
NLD,6.409008439
NLD,6.56332173
NLD,5.775166667
NLD,5.424973629
NLD,5.097799578
NLD,4.36528903
NLD,3.06643038
NLD,2.703374473
NLD,2.587838608
NLD,3.246745781
NLD,3.597694093
NLD,2.847906118
NLD,2.793740506
NLD,2.489883966
NLD,2.381257384
NLD,2.29275211
NLD,2.388709916
NLD,2.089648734
NLD,2.086514768
NLD,3.703765823
NLD,3.844696203
NLD,3.56332173
NLD,5.920566456
NLD,6.070709916
NLD,9.00903903
NLD,5.77772569
NLD,5.77205776
NLD,7.077590651
NLD,3.125018062
NLD,3.537880178
NLD,3.023886476
NLD,1.995052136
NLD,2.740399897
NZL,2.652353376
NZL,2.589424051
NZL,2.510572785
NZL,2.495984177
NZL,2.441277426
NZL,2.773683544
NZL,3.301046414
NZL,4.155848101
NZL,3.712627637
NZL,4.249008439
NZL,5.689913502
NZL,6.409008439
NZL,6.56332173
NZL,5.775166667
NZL,5.424973629
NZL,5.097799578
NZL,4.36528903
NZL,3.06643038
NZL,2.703374473
NZL,2.587838608
NZL,3.246745781
NZL,3.597694093
NZL,2.847906118
NZL,2.793740506
NZL,2.489883966
NZL,2.381257384
NZL,2.29275211
NZL,2.388709916
NZL,2.089648734
NZL,2.086514768
NZL,3.703765823
NZL,3.844696203
NZL,3.56332173
NZL,5.920566456
NZL,6.070709916
NZL,9.00903903
NZL,5.77772569
NZL,5.77205776
NZL,7.077590651
NZL,3.125018062
NZL,3.537880178
NZL,3.023886476
NZL,1.995052136
NZL,2.740399897
OMN,2.652353376
OMN,2.589424051
OMN,2.510572785
OMN,2.495984177
OMN,2.441277426
OMN,2.773683544
OMN,3.301046414
OMN,4.155848101
OMN,3.712627637
OMN,4.249008439
OMN,5.689913502
OMN,6.409008439
OMN,6.56332173
OMN,5.775166667
OMN,5.424973629
OMN,5.097799578
OMN,4.36528903
OMN,3.06643038
OMN,2.703374473
OMN,2.587838608
OMN,3.246745781
OMN,3.597694093
OMN,2.847906118
OMN,2.793740506
OMN,2.489883966
OMN,2.381257384
OMN,2.29275211
OMN,2.388709916
OMN,2.089648734
OMN,2.086514768
OMN,3.703765823
OMN,3.844696203
OMN,3.56332173
OMN,5.920566456
OMN,6.070709916
OMN,9.00903903
OMN,5.77772569
OMN,5.77205776
OMN,7.077590651
OMN,3.125018062
OMN,3.537880178
OMN,3.023886476
OMN,1.995052136
OMN,2.740399897
PAK,2.652353376
PAK,2.589424051
PAK,2.510572785
PAK,2.495984177
PAK,2.441277426
PAK,2.773683544
PAK,3.301046414
PAK,4.155848101
PAK,3.712627637
PAK,4.249008439
PAK,5.689913502
PAK,6.409008439
PAK,6.56332173
PAK,5.775166667
PAK,5.424973629
PAK,5.097799578
PAK,4.36528903
PAK,3.06643038
PAK,2.703374473
PAK,2.587838608
PAK,3.246745781
PAK,3.597694093
PAK,2.847906118
PAK,2.793740506
PAK,2.489883966
PAK,2.381257384
PAK,2.29275211
PAK,2.388709916
PAK,2.089648734
PAK,2.086514768
PAK,3.703765823
PAK,3.844696203
PAK,3.56332173
PAK,5.920566456
PAK,6.070709916
PAK,9.00903903
PAK,5.77772569
PAK,5.77205776
PAK,7.077590651
PAK,3.125018062
PAK,3.537880178
PAK,3.023886476
PAK,1.995052136
PAK,2.740399897
POL,2.652353376
POL,2.589424051
POL,2.510572785
POL,2.495984177
POL,2.441277426
POL,2.773683544
POL,3.301046414
POL,4.155848101
POL,3.712627637
POL,4.249008439
POL,5.689913502
POL,6.409008439
POL,6.56332173
POL,5.775166667
POL,5.424973629
POL,5.097799578
POL,4.36528903
POL,3.06643038
POL,2.703374473
POL,2.587838608
POL,3.246745781
POL,3.597694093
POL,2.847906118
POL,2.793740506
POL,2.489883966
POL,2.381257384
POL,2.29275211
POL,2.388709916
POL,2.089648734
POL,2.086514768
POL,3.703765823
POL,3.844696203
POL,3.56332173
POL,5.920566456
POL,6.070709916
POL,9.00903903
POL,5.77772569
POL,5.77205776
POL,7.077590651
POL,3.125018062
POL,3.537880178
POL,3.023886476
POL,1.995052136
POL,2.740399897
QAT,2.652353376
QAT,2.589424051
QAT,2.510572785
QAT,2.495984177
QAT,2.441277426
QAT,2.773683544
QAT,3.301046414
QAT,4.155848101
QAT,3.712627637
QAT,4.249008439
QAT,5.689913502
QAT,6.409008439
QAT,6.56332173
QAT,5.775166667
QAT,5.424973629
QAT,5.097799578
QAT,4.36528903
QAT,3.06643038
QAT,2.703374473
QAT,2.587838608
QAT,3.246745781
QAT,3.597694093
QAT,2.847906118
QAT,2.793740506
QAT,2.489883966
QAT,2.381257384
QAT,2.29275211
QAT,2.388709916
QAT,2.089648734
QAT,2.086514768
QAT,3.703765823
QAT,3.844696203
QAT,3.56332173
QAT,5.920566456
QAT,6.070709916
QAT,9.00903903
QAT,5.77772569
QAT,5.77205776
QAT,7.077590651
QAT,3.125018062
QAT,3.537880178
QAT,3.023886476
QAT,1.995052136
QAT,2.740399897
ROM,2.652353376
ROM,2.589424051
ROM,2.510572785
ROM,2.495984177
ROM,2.441277426
ROM,2.773683544
ROM,3.301046414
ROM,4.155848101
ROM,3.712627637
ROM,4.249008439
ROM,5.689913502
ROM,6.409008439
ROM,6.56332173
ROM,5.775166667
ROM,5.424973629
ROM,5.097799578
ROM,4.36528903
ROM,3.06643038
ROM,2.703374473
ROM,2.587838608
ROM,3.246745781
ROM,3.597694093
ROM,2.847906118
ROM,2.793740506
ROM,2.489883966
ROM,2.381257384
ROM,2.29275211
ROM,2.388709916
ROM,2.089648734
ROM,2.086514768
ROM,3.703765823
ROM,3.844696203
ROM,3.56332173
ROM,5.920566456
ROM,6.070709916
ROM,9.00903903
ROM,5.77772569
ROM,5.77205776
ROM,7.077590651
ROM,3.125018062
ROM,3.537880178
ROM,3.023886476
ROM,1.995052136
ROM,2.740399897
RUS,2.652353376
RUS,2.589424051
RUS,2.510572785
RUS,2.495984177
RUS,2.441277426
RUS,2.773683544
RUS,3.301046414
RUS,4.155848101
RUS,3.712627637
RUS,4.249008439
RUS,5.689913502
RUS,6.409008439
RUS,6.56332173
RUS,5.775166667
RUS,5.424973629
RUS,5.097799578
RUS,4.36528903
RUS,3.06643038
RUS,2.703374473
RUS,2.587838608
RUS,3.246745781
RUS,3.597694093
RUS,2.847906118
RUS,2.793740506
RUS,2.489883966
RUS,2.381257384
RUS,2.29275211
RUS,2.388709916
RUS,2.089648734
RUS,2.086514768
RUS,3.703765823
RUS,3.844696203
RUS,3.56332173
RUS,5.920566456
RUS,6.070709916
RUS,9.00903903
RUS,5.77772569
RUS,5.77205776
RUS,7.077590651
RUS,3.125018062
RUS,3.537880178
RUS,3.023886476
RUS,1.995052136
RUS,2.740399897
SAU,2.652353376
SAU,2.589424051
SAU,2.510572785
SAU,2.495984177
SAU,2.441277426
SAU,2.773683544
SAU,3.301046414
SAU,4.155848101
SAU,3.712627637
SAU,4.249008439
SAU,5.689913502
SAU,6.409008439
SAU,6.56332173
SAU,5.775166667
SAU,5.424973629
SAU,5.097799578
SAU,4.36528903
SAU,3.06643038
SAU,2.703374473
SAU,2.587838608
SAU,3.246745781
SAU,3.597694093
SAU,2.847906118
SAU,2.793740506
SAU,2.489883966
SAU,2.381257384
SAU,2.29275211
SAU,2.388709916
SAU,2.089648734
SAU,2.086514768
SAU,3.703765823
SAU,3.844696203
SAU,3.56332173
SAU,5.920566456
SAU,6.070709916
SAU,9.00903903
SAU,5.77772569
SAU,5.77205776
SAU,7.077590651
SAU,3.125018062
SAU,3.537880178
SAU,3.023886476
SAU,1.995052136
SAU,2.740399897
SYR,2.652353376
SYR,2.589424051
SYR,2.510572785
SYR,2.495984177
SYR,2.441277426
SYR,2.773683544
SYR,3.301046414
SYR,4.155848101
SYR,3.712627637
SYR,4.249008439
SYR,5.689913502
SYR,6.409008439
SYR,6.56332173
SYR,5.775166667
SYR,5.424973629
SYR,5.097799578
SYR,4.36528903
SYR,3.06643038
SYR,2.703374473
SYR,2.587838608
SYR,3.246745781
SYR,3.597694093
SYR,2.847906118
SYR,2.793740506
SYR,2.489883966
SYR,2.381257384
SYR,2.29275211
SYR,2.388709916
SYR,2.089648734
SYR,2.086514768
SYR,3.703765823
SYR,3.844696203
SYR,3.56332173
SYR,5.920566456
SYR,6.070709916
SYR,9.00903903
SYR,5.77772569
SYR,5.77205776
SYR,7.077590651
SYR,3.125018062
SYR,3.537880178
SYR,3.023886476
SYR,1.995052136
SYR,2.740399897
TWN,2.652353376
TWN,2.589424051
TWN,2.510572785
TWN,2.495984177
TWN,2.441277426
TWN,2.773683544
TWN,3.301046414
TWN,4.155848101
TWN,3.712627637
TWN,4.249008439
TWN,5.689913502
TWN,6.409008439
TWN,6.56332173
TWN,5.775166667
TWN,5.424973629
TWN,5.097799578
TWN,4.36528903
TWN,3.06643038
TWN,2.703374473
TWN,2.587838608
TWN,3.246745781
TWN,3.597694093
TWN,2.847906118
TWN,2.793740506
TWN,2.489883966
TWN,2.381257384
TWN,2.29275211
TWN,2.388709916
TWN,2.089648734
TWN,2.086514768
TWN,3.703765823
TWN,3.844696203
TWN,3.56332173
TWN,5.920566456
TWN,6.070709916
TWN,9.00903903
TWN,5.77772569
TWN,5.77205776
TWN,7.077590651
TWN,3.125018062
TWN,3.537880178
TWN,3.023886476
TWN,1.995052136
TWN,2.740399897
USA,2.652353376
USA,2.589424051
USA,2.510572785
USA,2.495984177
USA,2.441277426
USA,2.773683544
USA,3.301046414
USA,4.155848101
USA,3.712627637
USA,4.249008439
USA,5.689913502
USA,6.409008439
USA,6.56332173
USA,5.775166667
USA,5.424973629
USA,5.097799578
USA,4.36528903
USA,3.06643038
USA,2.703374473
USA,2.587838608
USA,3.246745781
USA,3.597694093
USA,2.847906118
USA,2.793740506
USA,2.489883966
USA,2.381257384
USA,2.29275211
USA,2.388709916
USA,2.089648734
USA,2.086514768
USA,3.703765823
USA,3.844696203
USA,3.56332173
USA,5.920566456
USA,6.070709916
USA,9.00903903
USA,5.77772569
USA,5.77205776
USA,7.077590651
USA,3.125018062
USA,3.537880178
USA,3.023886476
USA,1.995052136
USA,2.740399897
VEN,2.652353376
VEN,2.589424051
VEN,2.510572785
VEN,2.495984177
VEN,2.441277426
VEN,2.773683544
VEN,3.301046414
VEN,4.155848101
VEN,3.712627637
VEN,4.249008439
VEN,5.689913502
VEN,6.409008439
VEN,6.56332173
VEN,5.775166667
VEN,5.424973629
VEN,5.097799578
VEN,4.36528903
VEN,3.06643038
VEN,2.703374473
VEN,2.587838608
VEN,3.246745781
VEN,3.597694093
VEN,2.847906118
VEN,2.793740506
VEN,2.489883966
VEN,2.381257384
VEN,2.29275211
VEN,2.388709916
VEN,2.089648734
VEN,2.086514768
VEN,3.703765823
VEN,3.844696203
VEN,3.56332173
VEN,5.920566456
VEN,6.070709916
VEN,9.00903903
VEN,5.77772569
VEN,5.77205776
VEN,7.077590651
VEN,3.125018062
VEN,3.537880178
VEN,3.023886476
VEN,1.995052136
VEN,2.740399897
