year,id,oil_price,gas_product,oil_product,population
1980,AGO,75.97401,9.105606768,7428000.0,7837252.0
1981,AGO,67.14143,8.49272939,7158000.0,8106397.0
1982,AGO,58.02282,8.405175478,6400000.0,8391507.0
1983,AGO,50.38642,8.755391123,8790000.0,8695822.0
1984,AGO,45.81844,9.018052857,10100000.0,8997752.0
1985,AGO,43.43477,9.105606768,11500000.0,9279230.0
1986,AGO,22.21579,9.280714591,13900000.0,9539828.0
1987,AGO,27.45986,9.630930236,17500000.0,9756271.0
1988,AGO,21.41834,9.674707191,22300000.0,10009071.0
1989,AGO,24.86816,9.806038058,22600000.0,10260595.0
1990,AGO,30.875,3.35910909,23400000.0,10527351.0
1991,AGO,24.95484,3.35910909,24500000.0,10848299.0
1992,AGO,23.38595,3.293564386,27200000.0,11209554.0
1993,AGO,20.01414,3.244406627,24800000.0,11571646.0
1994,AGO,18.26323,3.015004776,27400000.0,11924885.0
1995,AGO,19.09535,3.244406627,31200000.0,12287669.0
1996,AGO,22.48449,3.244406627,35400000.0,12594769.0
1997,AGO,20.3782,3.293564386,36500000.0,12903759.0
1998,AGO,13.61725,3.35910909,36000000.0,13180809.0
1999,AGO,18.55794,3.408265482,36700000.0,13493220.0
2000,AGO,28.50001,3.859376407,36400000.0,13833075.0
2001,AGO,23.698,46.83914768,37000000.0,14213087.0
2002,AGO,23.71533,55.41532965,44600000.0,14622400.0
2003,AGO,26.54107,45.51973507,44900000.0,15050911.0
2004,AGO,34.29882,51.45709182,52400000.0,15466855.0
2005,AGO,47.25731,56.07503596,62300000.0,15957534.0
2006,AGO,55.369,62.01239271,70400000.0,15919845.0
2007,AGO,60.11999161,71.31425161,86875235.97,17554585.0
2008,AGO,77.78562545,66.30048369,98638586.6,18020668.0
2009,AGO,49.50098024,66.63033684,94959049.36,18555115.0
2010,AGO,62.7780519,68.08169072,96538323.39,19081912.0
2011,AGO,85.17070839,70.80628056,88923698.71,19618432.0
2012,AGO,83.75446549,71.55834388,88497049.16,20820525.0
2013,AGO,80.31953005,70.95141408,91166744.99,21471618.0
1980,ALB,75.97401,2.749192813,1387000.0,2670028.0
1981,ALB,67.14143,2.863012897,1875000.0,2718369.0
1982,ALB,58.02282,3.081897675,1600000.0,2776547.0
1983,ALB,50.38642,3.467134885,1350000.0,2830618.0
1984,ALB,45.81844,3.712285836,1400000.0,2888865.0
1985,ALB,43.43477,3.458379494,1188000.0,2958438.0
1986,ALB,22.21579,3.747307401,1205000.0,3035066.0
1987,ALB,27.45986,1.605738732,1181000.0,3111040.0
1988,ALB,21.41834,1.270932575,1166000.0,3199821.0
1989,ALB,24.86816,1.585251117,1128000.0,3257773.0
1990,ALB,30.875,0.802909637,1067000.0,3293487.0
1991,ALB,24.95484,0.802909637,845000.0,3285300.0
1992,ALB,23.38595,0.786523034,585000.0,3251074.0
1993,ALB,20.01414,0.18024548,568000.0,3220513.0
1994,ALB,18.26323,0.18024548,535000.0,3173700.0
1995,ALB,19.09535,0.18024548,521000.0,3134009.0
1996,ALB,22.48449,0.18024548,489000.0,3105100.0
1997,ALB,20.3782,0.114700882,360000.0,3083824.0
1998,ALB,13.61725,0.114700882,365000.0,3066063.0
1999,ALB,18.55794,0.114700882,331000.0,3060544.0
2000,ALB,28.50001,0.108917066,317000.0,3060256.0
2001,ALB,23.698,0.329853153,296409.6,3064629.0
2002,ALB,23.71533,0.329853153,316777.8,3077452.0
2003,ALB,26.54107,0.329853153,334506.6,3094582.0
2004,ALB,34.29882,0.329853153,333311.4,3110683.0
2005,ALB,47.25731,0.329853153,348600.0,3129337.0
2006,ALB,55.369,0.329853153,385575.006,3121821.0
2007,ALB,60.11999161,0.197911892,319675.164,3132458.0
2008,ALB,77.78562545,0.329853153,298800.0,3143291.0
2009,ALB,49.50098024,0.329853153,265372.746,3192723.0
2010,ALB,62.7780519,0.197911892,540023.232,3204284.0
2011,ALB,85.17070839,0.131941261,772650.486,3215988.0
2012,ALB,83.75446549,0.112151006,838436.286,2900489.0
2013,ALB,80.31953005,0.125345132,847009.356,2897366.0
1980,ARE,75.97401,119.295356,82800000.0,1043019.0
1981,ARE,67.14143,110.2827315,72900000.0,1071868.0
1982,ARE,58.02282,101.6732052,61000000.0,1135688.0
1983,ARE,50.38642,105.9780559,56100000.0,1201068.0
1984,ARE,45.81844,106.6406639,55500000.0,1268875.0
1985,ARE,43.43477,152.7010255,58200000.0,1375998.0
1986,ARE,22.21579,153.4522381,65800000.0,1413080.0
1987,ARE,27.45986,103.2321691,75400000.0,1500307.0
1988,ARE,21.41834,106.2863752,76400000.0,1591081.0
1989,ARE,24.86816,124.6116137,95800000.0,1675548.0
1990,ARE,30.875,122.7790933,108000000.0,1772586.0
1991,ARE,24.95484,145.3802162,125000000.0,1874507.0
1992,ARE,23.38595,135.6067591,119000000.0,1984083.0
1993,ARE,20.01414,140.4934822,115000000.0,2100183.0
1994,ARE,18.26323,157.5970402,117000000.0,2212510.0
1995,ARE,19.09535,191.1933146,114000000.0,2408096.0
1996,ARE,22.48449,206.4643365,118000000.0,2490339.0
1997,ARE,20.3782,218.6811715,117000000.0,2649597.0
1998,ARE,13.61725,226.6220923,120000000.0,2827484.0
1999,ARE,18.55794,235.1738768,108000000.0,3033837.0
2000,ARE,28.50001,243.1148196,117000000.0,3243812.0
2001,ARE,23.698,389.3586614,110000000.0,3483984.0
2002,ARE,23.71533,421.0905347,104000000.0,3746325.0
2003,ARE,26.54107,430.6562762,117000000.0,4046718.0
2004,ARE,34.29882,448.7981996,123000000.0,4319585.0
2005,ARE,47.25731,450.1176122,126000000.0,4531460.0
2006,ARE,55.369,478.353042,131000000.0,4530445.0
2007,ARE,60.11999161,494.9116703,129608945.6,4363913.0
2008,ARE,77.78562545,528.1278837,133514952.9,4484935.0
2009,ARE,49.50098024,500.321262,120145096.6,6938815.0
2010,ARE,62.7780519,526.3136904,120249858.8,7511690.0
2011,ARE,85.17070839,543.8156997,133423068.4,7890924.0
2012,ARE,83.75446549,544.2577019,139619606.7,9205651.0
2013,ARE,80.31953005,552.8074957,140436000.0,9346129.0
1980,ARG,75.97401,81.92384452,25300000.0,28079852.0
1981,ARG,67.14143,82.93246558,25500000.0,28431450.0
1982,ARG,58.02282,94.45946332,25200000.0,29007499.0
1983,ARG,50.38642,104.5440979,25200000.0,29452293.0
1984,ARG,45.81844,114.1787054,24600000.0,29774097.0
1985,ARG,43.43477,116.1159233,23600000.0,30238580.0
1986,ARG,22.21579,116.9214192,22300000.0,30742334.0
1987,ARG,27.45986,92.84786898,22600000.0,31226814.0
1988,ARG,21.41834,109.951424,23700000.0,31639671.0
1989,ARG,24.86816,116.0598362,24200000.0,32099641.0
1990,ARG,30.875,108.729744,25400000.0,32581634.0
1991,ARG,24.95484,155.085994,25900000.0,33053092.0
1992,ARG,23.38595,157.4478484,29000000.0,33505776.0
1993,ARG,20.01414,188.3284631,31100000.0,33955686.0
1994,ARG,18.26323,195.6682825,34500000.0,34399024.0
1995,ARG,19.09535,215.0148952,37500000.0,34849746.0
1996,ARG,22.48449,244.7440009,40800000.0,35266238.0
1997,ARG,20.3782,261.7455696,43400000.0,35672976.0
1998,ARG,13.61725,272.8572116,44000000.0,36111819.0
1999,ARG,18.55794,299.5982773,41700000.0,36522141.0
2000,ARG,28.50001,317.4319584,40200000.0,36995376.0
2001,ARG,23.698,302.8711648,40000000.0,37260802.0
2002,ARG,23.71533,301.947576,39800000.0,37483721.0
2003,ARG,26.54107,333.0857136,39000000.0,38045157.0
2004,ARG,34.29882,345.3562509,36500000.0,38312336.0
2005,ARG,47.25731,340.342483,35000000.0,38804383.0
2006,ARG,55.369,341.3320424,34700000.0,38764495.0
2007,ARG,60.11999161,336.3842451,33803059.74,39490465.0
2008,ARG,77.78562545,333.1516842,32920338.31,39882980.0
2009,ARG,49.50098024,319.2318812,32565790.69,40062470.0
2010,ARG,62.7780519,310.7216698,31458188.89,40412376.0
2011,ARG,85.17070839,300.2983102,29113141.75,40764561.0
2012,ARG,83.75446549,290.9304807,27445764.55,41086927.0
2013,ARG,80.31953005,283.8056526,26884459.28,41446246.0
1980,AUS,75.97401,62.90135645,19800000.0,14642653.0
1981,AUS,67.14143,72.48325649,18300000.0,14863594.0
1982,AUS,58.02282,80.20323506,18000000.0,15144887.0
1983,AUS,50.38642,81.13043098,17700000.0,15369293.0
1984,AUS,45.81844,85.60443584,20600000.0,15542677.0
1985,AUS,43.43477,108.6724399,24600000.0,15717564.0
1986,AUS,22.21579,101.1294954,25300000.0,16021784.0
1987,AUS,27.45986,91.62618548,27400000.0,16263003.0
1988,AUS,21.41834,94.06955073,26000000.0,16545455.0
1989,AUS,24.86816,108.7297405,24500000.0,16811350.0
1990,AUS,30.875,125.8332911,28400000.0,17063517.0
1991,AUS,24.95484,130.6878709,26900000.0,17295054.0
1992,AUS,23.38595,142.2491898,26500000.0,17498839.0
1993,AUS,20.01414,153.0750558,24900000.0,17655827.0
1994,AUS,18.26323,183.186597,26900000.0,17853430.0
1995,AUS,19.09535,203.6405915,25400000.0,18085344.0
1996,AUS,22.48449,208.9967896,26600000.0,18320049.0
1997,AUS,20.3782,208.1898927,28800000.0,18507065.0
1998,AUS,13.61725,200.1797605,27400000.0,18699201.0
1999,AUS,18.55794,186.9174223,24500000.0,18939243.0
2000,AUS,28.50001,189.9716311,35400000.0,19133087.0
2001,AUS,23.698,222.9213586,32700000.0,19420852.0
2002,AUS,23.71533,232.2166195,31200000.0,19644551.0
2003,AUS,26.54107,239.598734,25500000.0,19919915.0
2004,AUS,34.29882,245.9385106,21700000.0,20093218.0
2005,AUS,47.25731,270.2091066,22200000.0,20290993.0
2006,AUS,55.369,283.2910817,21400000.0,20350449.0
2007,AUS,60.11999161,290.0860566,23162851.5,21072500.0
2008,AUS,77.78562545,296.5577764,23745619.57,21431800.0
2009,AUS,49.50098024,311.6188704,23676011.62,21951700.0
2010,AUS,62.7780519,320.6172644,24111659.03,22299800.0
2011,AUS,85.17070839,339.6629864,20401763.71,22620600.0
2012,AUS,83.75446549,371.1375733,20204785.28,22728254.0
2013,AUS,80.31953005,407.0321943,16831854.19,23125868.0
1980,AUT,75.97401,13.6640136,1475000.0,7536858.0
1981,AUT,67.14143,10.3374903,1338000.0,7584010.0
1982,AUT,58.02282,9.54215057,1290000.0,7574614.0
1983,AUT,50.38642,8.68167073,1269000.0,7548810.0
1984,AUT,45.81844,9.096501161,1205000.0,7551709.0
1985,AUT,43.43477,8.387839804,1147000.0,7557283.0
1986,AUT,22.21579,7.240883567,1116000.0,7566536.0
1987,AUT,27.45986,7.568860518,1060000.0,7570854.0
1988,AUT,21.41834,8.304313373,1175000.0,7592903.0
1989,AUT,24.86816,8.342837094,1158000.0,7630134.0
1990,AUT,30.875,8.435994455,1149000.0,7702904.0
1991,AUT,24.95484,8.459809119,1280000.0,7798787.0
1992,AUT,23.38595,9.083893398,1180000.0,7773135.0
1993,AUT,20.01414,9.859270836,1155000.0,7937920.0
1994,AUT,18.26323,9.07969081,1100000.0,7937311.0
1995,AUT,19.09535,9.958031648,1036000.0,7940190.0
1996,AUT,22.48449,10.02107046,965000.0,7951066.0
1997,AUT,20.3782,9.581900045,972000.0,7966306.0
1998,AUT,13.61725,10.87209448,959000.0,7991339.0
1999,AUT,18.55794,11.6180538,962000.0,7997560.0
2000,AUT,28.50001,12.48606328,964000.0,8014560.0
2001,AUT,23.698,11.42611321,929690.802,8044955.0
2002,AUT,23.71533,12.40247854,925324.836,8073965.0
2003,AUT,26.54107,13.79445978,892170.486,8119302.0
2004,AUT,34.29882,12.95003571,900345.654,8169611.0
2005,AUT,47.25731,10.79939315,837458.712,8230701.0
2006,AUT,55.369,12.00005676,834320.316,8234613.0
2007,AUT,60.11999161,12.19137252,834047.91,8300788.0
2008,AUT,77.78562545,10.1067006,800882.106,8336926.0
2009,AUT,49.50098024,10.99730504,812626.938,8365275.0
2010,AUT,62.7780519,11.94068413,833911.458,8389771.0
2011,AUT,85.17070839,11.71638398,879481.446,8419000.0
2012,AUT,83.75446549,12.57400218,842381.94,8429991.0
2013,AUT,80.31953005,9.031380255,804713.22,8479375.0
1980,BHR,75.97401,23.39895242,2505191.0,347576.0
1981,BHR,67.14143,23.12561457,2317213.0,360242.0
1982,BHR,58.02282,24.73815241,2194945.0,373342.0
1983,BHR,50.38642,26.41532694,2071585.0,386377.0
1984,BHR,45.81844,27.51417503,2088661.0,399766.0
1985,BHR,43.43477,42.55018304,2090301.0,413474.0
1986,BHR,22.21579,48.5725077,2115301.0,427366.0
1987,BHR,27.45986,48.71297153,2100683.0,442750.0
1988,BHR,21.41834,50.36644903,2140847.0,457853.0
1989,BHR,24.86816,51.76554958,2130465.0,474255.0
1990,BHR,30.875,55.62809982,2168716.0,493355.0
1991,BHR,24.95484,53.73369038,2108470.0,509676.0
1992,BHR,23.38595,63.02507012,2065984.0,530152.0
1993,BHR,20.01414,65.58879092,2032104.0,546822.0
1994,BHR,18.26323,66.57959476,2007514.0,567297.0
1995,BHR,19.09535,83.93062943,1976503.0,584717.0
1996,BHR,22.48449,68.34680479,1929508.0,604818.0
1997,BHR,20.3782,71.12491228,1934290.0,622427.0
1998,BHR,13.61725,74.30468428,1878415.0,641204.0
1999,BHR,18.55794,67.90495303,1867486.0,656195.0
2000,BHR,28.50001,73.63518141,1880601.0,672180.0
2001,BHR,23.698,79.56058043,1842600.0,684790.0
2002,BHR,23.71533,81.47372872,1832640.0,696806.0
2003,BHR,26.54107,81.14387556,1874073.6,704829.0
2004,BHR,34.29882,81.80358187,1842600.0,714897.0
2005,BHR,47.25731,87.87287988,1820667.2,725512.0
2006,BHR,55.369,91.1714114,1784794.0,726997.0
2007,BHR,60.11999161,94.73382545,1743000.0,759560.0
2008,BHR,77.78562545,101.0010354,1743000.0,775585.0
2009,BHR,49.50098024,102.1885067,1743000.0,1169578.0
2010,BHR,62.7780519,102.9801543,1743000.0,1261835.0
2011,BHR,85.17070839,102.1225361,1743000.0,1323535.0
2012,BHR,83.75446549,110.2369236,2041800.0,1317827.0
2013,BHR,80.31953005,126.9934638,2390400.0,1332171.0
1980,BOL,75.97401,31.19248174,1107000.0,5363323.0
1981,BOL,67.14143,32.42296441,1029000.0,5469072.0
1982,BOL,58.02282,34.71390005,1134000.0,5606755.0
1983,BOL,50.38642,32.89995812,1030000.0,5717052.0
1984,BOL,45.81844,32.0041065,969000.0,5857555.0
1985,BOL,43.43477,30.32184565,917000.0,5969976.0
1986,BOL,22.21579,29.71299575,816000.0,6094988.0
1987,BOL,27.45986,15.8818715,876000.0,6231303.0
1988,BOL,21.41834,17.103555,893000.0,6379591.0
1989,BOL,24.86816,17.71439587,925000.0,6520373.0
1990,BOL,30.875,18.3252361,971000.0,6669355.0
1991,BOL,24.95484,17.49117017,1173000.0,6820421.0
1992,BOL,23.38595,18.89063189,1126000.0,6980105.0
1993,BOL,20.01414,18.73723743,1193000.0,7141884.0
1994,BOL,18.26323,22.34515901,1381000.0,7313058.0
1995,BOL,19.09535,25.75555896,1523000.0,7477687.0
1996,BOL,22.48449,26.28088243,1679000.0,7647069.0
1997,BOL,20.3782,23.48195899,1721000.0,7815564.0
1998,BOL,13.61725,18.93607785,1834000.0,7972379.0
1999,BOL,18.55794,17.04149328,1590000.0,8149570.0
2000,BOL,28.50001,23.47355382,1539000.0,8313333.0
2001,BOL,23.698,47.16900084,1709982.102,8512819.0
2002,BOL,23.71533,58.58191992,1601786.124,8658689.0
2003,BOL,26.54107,67.42198441,1460709.198,8847770.0
2004,BOL,34.29882,83.45284763,2372226.984,8999795.0
2005,BOL,47.25731,96.91085626,2526559.674,9190657.0
2006,BOL,55.369,96.64697374,2435018.808,9176118.0
2007,BOL,60.11999161,100.2753584,2449233.222,9524495.0
2008,BOL,77.78562545,101.067006,1936053.186,9694113.0
2009,BOL,49.50098024,88.46661555,1787579.466,9773441.0
2010,BOL,62.7780519,98.2962395,1720175.166,9929849.0
2011,BOL,85.17070839,106.7404802,1768650.486,10088108.0
2012,BOL,83.75446549,125.6740512,2070747.744,10496285.0
2013,BOL,80.31953005,142.4305913,2365114.05,10671200.0
1980,BRA,75.97401,16.89965595,9083000.0,121595940.0
1981,BRA,67.14143,18.96750422,10700000.0,124396880.0
1982,BRA,58.02282,23.21964747,13000000.0,127398324.0
1983,BRA,50.38642,30.75821434,16600000.0,130252252.0
1984,BRA,45.81844,37.57411122,23300000.0,133188956.0
1985,BRA,43.43477,41.90120062,27500000.0,136019707.0
1986,BRA,22.21579,43.58276104,28800000.0,138873782.0
1987,BRA,27.45986,20.15776112,29100000.0,141600649.0
1988,BRA,21.41834,22.60112637,28500000.0,144186014.0
1989,BRA,24.86816,23.21196725,30400000.0,146794295.0
1990,BRA,30.875,23.21196735,32300000.0,149379899.0
1991,BRA,24.95484,26.12328539,31900000.0,151772167.0
1992,BRA,23.38595,27.13400774,32300000.0,154164591.0
1993,BRA,20.01414,30.05270492,32900000.0,156501017.0
1994,BRA,18.26323,31.44796405,34300000.0,159077729.0
1995,BRA,19.09535,33.73417178,35500000.0,161312686.0
1996,BRA,22.48449,37.8085806,40200000.0,163819049.0
1997,BRA,20.3782,41.83676094,43100000.0,166202238.0
1998,BRA,13.61725,82.25935111,49800000.0,168771930.0
1999,BRA,18.55794,90.79270552,56300000.0,171286907.0
2000,BRA,28.50001,101.7446492,63200000.0,173401647.0
2001,BRA,23.698,92.35888275,64500000.0,176921512.0
2002,BRA,23.71533,102.4523892,72500000.0,178716421.0
2003,BRA,26.54107,104.1676256,74500000.0,181234186.0
2004,BRA,34.29882,111.95216,73600000.0,183613046.0
2005,BRA,47.25731,116.7680161,81400000.0,186131090.0
2006,BRA,55.369,116.8339867,85800000.0,186194365.0
2007,BRA,60.11999161,119.7366944,87050183.37,190119995.0
2008,BRA,77.78562545,142.4305913,90248949.42,191971506.0
2009,BRA,49.50098024,139.4025403,97128127.7,193246610.0
2010,BRA,62.7780519,151.2706558,102322465.9,194946470.0
2011,BRA,85.17070839,158.7913077,104849317.4,196655014.0
2012,BRA,83.75446549,170.1382562,102649029.4,198656019.0
2013,BRA,80.31953005,199.3632455,100788998.4,200361925.0
1980,CAN,75.97401,672.4455577,70400000.0,24577434.0
1981,CAN,67.14143,665.4762663,62900000.0,24912610.0
1982,CAN,58.02282,670.5316292,62200000.0,25214587.0
1983,CAN,50.38642,662.7585929,66400000.0,25479484.0
1984,CAN,45.81844,709.1534105,70700000.0,25718622.0
1985,CAN,43.43477,756.4132607,72000000.0,25936267.0
1986,CAN,22.21579,716.4536556,72300000.0,26194473.0
1987,CAN,27.45986,480.1212164,90200000.0,26514964.0
1988,CAN,21.41834,554.6438469,95000000.0,26854884.0
1989,CAN,24.86816,590.6834795,92500000.0,27341387.0
1990,CAN,30.875,606.5653545,92600000.0,27763306.0
1991,CAN,24.95484,760.7293183,93000000.0,28133949.0
1992,CAN,23.38595,834.6948625,97000000.0,28519251.0
1993,CAN,20.01414,920.2028139,102000000.0,28841222.0
1994,CAN,18.26323,1009.833504,106000000.0,29148269.0
1995,CAN,19.09535,1074.700446,112000000.0,29330528.0
1996,CAN,22.48449,1115.558004,115000000.0,29686523.0
1997,CAN,20.3782,1129.01469,121000000.0,29949747.0
1998,CAN,13.61725,1131.069755,125000000.0,30266275.0
1999,CAN,18.55794,1174.995202,121000000.0,30462623.0
2000,CAN,28.50001,1213.404753,127000000.0,30794007.0
2001,CAN,23.698,1462.041114,101000000.0,31074580.0
2002,CAN,23.71533,1454.454491,108000000.0,31365810.0
2003,CAN,26.54107,1421.337235,115000000.0,31652062.0
2004,CAN,34.29882,1438.159746,119000000.0,31990902.0
2005,CAN,47.25731,1444.822779,118000000.0,32428235.0
2006,CAN,55.369,1454.203803,126000000.0,32358364.0
2007,CAN,60.11999161,1424.464243,130880614.0,32976000.0
2008,CAN,77.78562545,1376.496998,128449581.2,33311400.0
2009,CAN,49.50098024,1294.132665,128458096.5,33729690.0
2010,CAN,62.7780519,1250.730588,136030263.7,34126181.0
2011,CAN,85.17070839,1245.855358,144627249.7,34482779.0
2012,CAN,83.75446549,1178.123312,156264372.2,34754312.0
2013,CAN,80.31953005,1206.035485,165591412.7,35158304.0
1980,CHL,75.97401,36.94705011,1604000.0,11164618.0
1981,CHL,67.14143,34.78061613,1950000.0,11360287.0
1982,CHL,58.02282,34.67800295,2003000.0,11498237.0
1983,CHL,50.38642,32.87124043,1919000.0,11731613.0
1984,CHL,45.81844,33.54295404,1879000.0,11929492.0
1985,CHL,43.43477,31.7624577,1591000.0,12072942.0
1986,CHL,22.21579,29.83802273,1485000.0,12304125.0
1987,CHL,27.45986,29.80387671,1319000.0,12506591.0
1988,CHL,21.41834,29.30376877,1057000.0,12728800.0
1989,CHL,24.86816,29.00923741,946000.0,12949689.0
1990,CHL,30.875,28.75112848,842000.0,13178776.0
1991,CHL,24.95484,27.85335067,755000.0,13425499.0
1992,CHL,23.38595,30.90915728,733000.0,13660579.0
1993,CHL,20.01414,10.12648195,700000.0,13921775.0
1994,CHL,18.26323,11.22433755,600000.0,14181683.0
1995,CHL,19.09535,10.99493467,499000.0,14421043.0
1996,CHL,22.48449,10.47058593,361000.0,14579340.0
1997,CHL,20.3782,12.32219246,270000.0,14850125.0
1998,CHL,13.61725,11.51928479,242000.0,14981725.0
1999,CHL,18.55794,10.99493467,239000.0,15249514.0
2000,CHL,28.50001,14.58683183,269000.0,15424828.0
2001,CHL,23.698,19.52730664,330771.6,15570657.0
2002,CHL,23.71533,18.93357096,298800.0,15771184.0
2003,CHL,26.54107,14.38159746,298800.0,15950268.0
2004,CHL,34.29882,13.91980304,278373.534,16144929.0
2005,CHL,47.25731,15.23921565,220075.164,16302276.0
2006,CHL,55.369,14.57950935,148991.64,16295983.0
2007,CHL,60.11999161,13.72189115,127004.442,16636135.0
2008,CHL,77.78562545,13.90660892,153985.584,16803952.0
2009,CHL,49.50098024,10.42335963,183457.224,16955737.0
2010,CHL,62.7780519,12.40247854,207386.124,17113688.0
2011,CHL,85.17070839,10.61467539,228397.74,17269525.0
2012,CHL,83.75446549,8.609168219,302882.106,17464814.0
2013,CHL,80.31953005,6.247419646,331954.35,17619708.0
1980,CHN,75.97401,97.24227683,106000000.0,980445644.0
1981,CHN,67.14143,86.81618198,101000000.0,993141856.0
1982,CHN,58.02282,81.51636862,102000000.0,1008726025.0
1983,CHN,50.38642,83.42942158,106000000.0,1023953406.0
1984,CHN,45.81844,86.23097163,115000000.0,1037554173.0
1985,CHN,43.43477,88.34925096,125000000.0,1052241423.0
1986,CHN,22.21579,93.80368452,131000000.0,1068699248.0
1987,CHN,27.45986,78.79852011,134000000.0,1083307909.0
1988,CHN,21.41834,81.24188536,137000000.0,1100941814.0
1989,CHN,24.86816,85.51777323,138000000.0,1118739525.0
1990,CHN,30.875,86.7394574,138000000.0,1133839759.0
1991,CHN,24.95484,104.9701353,141000000.0,1148927447.0
1992,CHN,23.38595,105.1739608,142000000.0,1165871184.0
1993,CHN,20.01414,109.8913655,144000000.0,1178416374.0
1994,CHN,18.26323,119.8493971,146000000.0,1193005834.0
1995,CHN,19.09535,122.4234821,149000000.0,1202441816.0
1996,CHN,22.48449,152.5728466,159000000.0,1216229541.0
1997,CHN,20.3782,172.2094378,160000000.0,1232154917.0
1998,CHN,13.61725,151.4486544,160000000.0,1241363059.0
1999,CHN,18.55794,167.1011924,160000000.0,1254201841.0
2000,CHN,28.50001,189.700608,163000000.0,1262985276.0
2001,CHN,23.698,199.9569812,164000000.0,1273153551.0
2002,CHN,23.71533,215.3281381,169000000.0,1279681282.0
2003,CHN,26.54107,226.2792627,170000000.0,1289197164.0
2004,CHN,34.29882,268.9622607,174000000.0,1294987612.0
2005,CHN,47.25731,329.3253877,180000000.0,1304421791.0
2006,CHN,55.369,386.0469358,183000000.0,1304442774.0
2007,CHN,60.11999161,456.9785577,185695236.0,1317885000.0
2008,CHN,77.78562545,501.6406746,188751062.1,1324655000.0
2009,CHN,49.50098024,547.1604097,189183626.9,1331380000.0
2010,CHN,62.7780519,622.8287229,203102341.4,1337825000.0
2011,CHN,85.17070839,677.8548268,202122523.5,1344130000.0
2012,CHN,83.75446549,684.7487567,203440374.9,1350695000.0
2013,CHN,80.31953005,744.6105069,207372930.5,1357380000.0
1980,CUB,75.97401,0.115396055,274000.0,9631937.0
1981,CUB,67.14143,0.085977941,259000.0,9753446.0
1982,CUB,58.02282,0.068817374,541000.0,9805968.0
1983,CUB,50.38642,0.053407886,742000.0,9874699.0
1984,CUB,45.81844,0.02171337,770000.0,9938466.0
1985,CUB,43.43477,0.044652495,868000.0,10051857.0
1986,CUB,22.21579,0.036597535,938000.0,10158854.0
1987,CUB,27.45986,0.154795315,895000.0,10251997.0
1988,CUB,21.41834,0.141487121,717000.0,10373640.0
1989,CUB,24.86816,0.217483916,718000.0,10446942.0
1990,CUB,30.875,0.246026491,726000.0,10555579.0
1991,CUB,24.95484,0.252855696,748000.0,10631337.0
1992,CUB,23.38595,0.252855696,936000.0,10660219.0
1993,CUB,20.01414,3.060884737,900000.0,10726814.0
1994,CUB,18.26323,3.060884737,1299000.0,10797471.0
1995,CUB,19.09535,3.060884737,1471000.0,10847370.0
1996,CUB,22.48449,3.060884737,1476000.0,10910448.0
1997,CUB,20.3782,3.060884737,1462000.0,10977761.0
1998,CUB,13.61725,3.060884737,1678000.0,11023180.0
1999,CUB,18.55794,3.060884737,2136000.0,11073205.0
2000,CUB,28.50001,3.060884737,2695000.0,11131704.0
2001,CUB,23.698,3.298531527,2490000.0,11154125.0
2002,CUB,23.71533,3.62838468,2355335.322,11197048.0
2003,CUB,26.54107,3.826296571,2747322.576,11223933.0
2004,CUB,34.29882,3.826296571,2884914.0,11243500.0
2005,CUB,47.25731,3.958237832,2602996.2,11260211.0
2006,CUB,55.369,3.62838468,2571871.2,11289192.0
2007,CUB,60.11999161,5.607503596,2516842.2,11204438.0
2008,CUB,77.78562545,9.301858906,2601850.8,11204735.0
2009,CUB,49.50098024,9.301858906,2402103.0,11262628.0
2010,CUB,62.7780519,8.048416926,2639400.0,11257979.0
2011,CUB,85.17070839,7.38871062,2739000.0,11253665.0
2012,CUB,83.75446549,7.415098873,2593409.7,11270957.0
2013,CUB,80.31953005,7.349128242,2490000.0,11265629.0
1980,CZE,75.97401,2.57250902,51000.0,10264618.0
1981,CZE,67.14143,2.787716534,50000.0,10234973.0
1982,CZE,58.02282,2.735884618,54000.0,10272820.0
1983,CZE,50.38642,2.091838047,56000.0,10308750.0
1984,CZE,45.81844,2.056991591,56000.0,10318273.0
1985,CZE,43.43477,1.967161278,57000.0,10328492.0
1986,CZE,22.21579,1.894841747,56000.0,10340359.0
1987,CZE,27.45986,1.935466762,51000.0,10347920.0
1988,CZE,21.41834,1.788551299,45000.0,10342244.0
1989,CZE,24.86816,1.648990364,47000.0,10370739.0
1990,CZE,30.875,1.966306772,50000.0,10366931.0
1991,CZE,24.95484,1.966306772,69000.0,10303986.0
1992,CZE,23.38595,1.003718038,82000.0,10304917.0
1993,CZE,20.01414,1.380550072,111000.0,10338982.0
1994,CZE,18.26323,1.554957464,128000.0,10335256.0
1995,CZE,19.09535,1.613793692,146000.0,10318896.0
1996,CZE,22.48449,1.483513472,152000.0,10320762.0
1997,CZE,20.3782,1.330119019,163000.0,10314327.0
1998,CZE,13.61725,1.378448778,179000.0,10304614.0
1999,CZE,18.55794,1.359537134,183000.0,10292974.0
2000,CZE,28.50001,0.567349345,175000.0,10262686.0
2001,CZE,23.698,1.055530089,369466.2,10233446.0
2002,CZE,23.71533,1.009351581,373300.8,10202739.0
2003,CZE,26.54107,1.108306593,448200.0,10197663.0
2004,CZE,34.29882,1.418369491,552289.968,10203164.0
2005,CZE,47.25731,1.326010608,597872.904,10242003.0
2006,CZE,55.369,1.279830233,381617.898,10231930.0
2007,CZE,60.11999161,1.326010608,373431.774,10334160.0
2008,CZE,77.78562545,1.312816482,485481.774,10424336.0
2009,CZE,49.50098024,1.161083098,211752.09,10487178.0
2010,CZE,62.7780519,1.339204734,178870.644,10519792.0
2011,CZE,85.17070839,1.213859602,153629.514,10546000.0
2012,CZE,83.75446549,1.735028517,149400.0,10510785.0
2013,CZE,80.31953005,1.66245989,149400.0,10514272.0
1980,DEU,75.97401,132.5214249,4667000.0,78276401.0
1981,DEU,67.14143,136.4443655,4495000.0,78448096.0
1982,DEU,58.02282,120.8112644,4292000.0,78349087.0
1983,DEU,50.38642,131.9640567,4145000.0,78157213.0
1984,DEU,45.81844,138.7083345,4071000.0,77822648.0
1985,DEU,43.43477,127.5453859,4136000.0,77739640.0
1986,DEU,22.21579,119.2822229,4068000.0,77690312.0
1987,DEU,27.45986,113.0056301,3767000.0,77705610.0
1988,DEU,21.41834,102.0104874,3986000.0,78180028.0
1989,DEU,24.86816,95.90207511,3837000.0,78624715.0
1990,DEU,30.875,97.12376167,3648000.0,79335787.0
1991,DEU,24.95484,110.2338764,3405000.0,80009844.0
1992,DEU,23.38595,109.0802661,3279000.0,80476189.0
1993,DEU,20.01414,100.6603815,3064000.0,81067557.0
1994,DEU,18.26323,111.1815599,2938000.0,81422560.0
1995,DEU,19.09535,117.0714866,2926000.0,81686103.0
1996,DEU,22.48449,128.021329,2874000.0,81795726.0
1997,DEU,20.3782,127.2501542,2804000.0,81887678.0
1998,DEU,13.61725,124.1276315,2934000.0,82181106.0
1999,DEU,18.55794,131.6481622,2746000.0,82052296.0
2000,DEU,28.50001,121.8120056,3166000.0,82099436.0
2001,DEU,23.698,146.6659058,2378049.6,82352579.0
2002,DEU,23.71533,157.6104344,2502400.2,82634774.0
2003,DEU,26.54107,156.4757395,2554540.8,82601120.0
2004,DEU,34.29882,144.7131752,2252557.086,82484126.0
2005,DEU,47.25731,140.1348134,2149722.576,82514488.0
2006,DEU,55.369,138.5185339,2040162.576,82522666.0
2007,DEU,60.11999161,131.7103648,2045620.158,82266372.0
2008,DEU,77.78562545,114.7229265,1773886.956,82110097.0
2009,DEU,49.50098024,95.63762403,1534931.616,81902307.0
2010,DEU,62.7780519,105.1307968,1401085.65,81776930.0
2011,DEU,85.17070839,104.8867046,1535340.972,81726000.0
2012,DEU,83.75446549,92.86025955,2440200.0,80425823.0
2013,DEU,80.31953005,77.73979103,2518106.124,80645605.0
1980,DZA,75.97401,296.7237073,47400000.0,18798346.0
1981,DZA,67.14143,447.1465801,36900000.0,19440427.0
1982,DZA,58.02282,560.6374619,33500000.0,20100184.0
1983,DZA,50.38642,613.9052615,31300000.0,20792421.0
1984,DZA,45.81844,641.0522273,32400000.0,21417646.0
1985,DZA,43.43477,619.5209694,31300000.0,22133561.0
1986,DZA,22.21579,659.5611241,31300000.0,22760446.0
1987,DZA,27.45986,757.8158744,30400000.0,23384181.0
1988,DZA,21.41834,800.9291713,30600000.0,24000335.0
1989,DZA,24.86816,817.5328951,34100000.0,24709261.0
1990,DZA,30.875,301.1447421,37000000.0,25336734.0
1991,DZA,24.95484,324.9675484,37700000.0,25866225.0
1992,DZA,23.38595,337.7952033,36300000.0,26457667.0
1993,DZA,20.01414,342.6819373,37200000.0,27049821.0
1994,DZA,18.26323,315.1940804,37400000.0,27743897.0
1995,DZA,19.09535,358.5638009,56600000.0,28164279.0
1996,DZA,22.48449,380.554082,59300000.0,28741300.0
1997,DZA,20.3782,438.5840264,60300000.0,29226796.0
1998,DZA,13.61725,467.9043867,61800000.0,29714411.0
1999,DZA,18.55794,525.3234674,63900000.0,29963008.0
2000,DZA,28.50001,515.5499994,66800000.0,30458956.0
2001,DZA,23.698,1058.82862,65200000.0,30959815.0
2002,DZA,23.71533,1059.488326,65000000.0,31443967.0
2003,DZA,26.54107,1087.195991,80200000.0,31820601.0
2004,DZA,34.29882,1135.420522,83500000.0,32392968.0
2005,DZA,47.25731,1232.331378,89500000.0,32867698.0
2006,DZA,55.369,1277.191407,90300000.0,32859074.0
2007,DZA,60.11999161,1307.41915,91314179.39,33858168.0
2008,DZA,77.78562545,1327.236728,90867558.05,34373426.0
2009,DZA,49.50098024,1299.073866,88733877.55,34950168.0
2010,DZA,62.7780519,1268.02149,76692000.0,35468208.0
2011,DZA,85.17070839,1254.279808,76692000.0,35980193.0
2012,DZA,83.75446549,1204.617118,76305709.87,38481705.0
2013,DZA,80.31953005,1184.106848,72796684.84,39208194.0
1980,ECU,75.97401,3.212878327,10400000.0,7958089.0
1981,ECU,67.14143,3.280645054,10700000.0,8177270.0
1982,ECU,58.02282,3.306035688,10700000.0,8409082.0
1983,ECU,50.38642,3.543481895,12100000.0,8641734.0
1984,ECU,45.81844,4.348802771,13100000.0,8876046.0
1985,ECU,43.43477,5.162528822,14200000.0,9100789.0
1986,ECU,22.21579,6.188310446,14600000.0,9344737.0
1987,ECU,27.45986,3.136531316,8985000.0,9560470.0
1988,ECU,21.41834,6.107410632,15800000.0,9804696.0
1989,ECU,24.86816,5.937731152,14600000.0,10030178.0
1990,ECU,30.875,0.589892724,14900000.0,10260813.0
1991,ECU,24.95484,2.027748584,15600000.0,10523844.0
1992,ECU,23.38595,2.044558935,16700000.0,10753075.0
1993,ECU,20.01414,2.357651722,17900000.0,10982610.0
1994,ECU,18.26323,2.569882403,19700000.0,11167053.0
1995,ECU,19.09535,2.672845802,20100000.0,11403261.0
1996,ECU,22.48449,4.530389583,20000000.0,11596500.0
1997,ECU,20.3782,4.255120086,20200000.0,11774466.0
1998,ECU,13.61725,0.57350612,19500000.0,11925212.0
1999,ECU,18.55794,0.57350612,19400000.0,12138290.0
2000,ECU,28.50001,2.098317037,20900000.0,12306866.0
2001,ECU,23.698,7.586622512,20500000.0,12498276.0
2002,ECU,23.71533,7.256769359,19500000.0,12685793.0
2003,ECU,26.54107,7.784534404,20500000.0,12864322.0
2004,ECU,34.29882,8.048416926,26300000.0,13032665.0
2005,ECU,47.25731,8.180358187,26500000.0,13227616.0
2006,ECU,55.369,8.246328817,26700000.0,13243209.0
2007,ECU,60.11999161,8.180358187,25452181.9,13341817.0
2008,ECU,77.78562545,8.246328817,25135433.98,13481424.0
2009,ECU,49.50098024,9.235888275,24183890.94,14261566.0
2010,ECU,62.7780519,9.255680399,24207133.1,14464739.0
2011,ECU,85.17070839,8.840064492,24875748.4,14666055.0
2012,ECU,83.75446549,10.1660751,25078886.58,15492264.0
2013,ECU,80.31953005,10.74001865,26200397.52,15737878.0
1980,EGY,75.97401,14.4428932,29400000.0,43797447.0
1981,EGY,67.14143,16.50881529,29400000.0,45074788.0
1982,EGY,58.02282,18.26759826,32800000.0,46069949.0
1983,EGY,50.38642,18.93055647,36000000.0,47289930.0
1984,EGY,45.81844,24.26083859,41200000.0,48535814.0
1985,EGY,43.43477,29.74241386,44300000.0,49497682.0
1986,EGY,22.21579,34.23217843,40200000.0,50809009.0
1987,EGY,27.45986,32.37458562,46300000.0,52059770.0
1988,EGY,21.41834,36.65047524,44200000.0,53261710.0
1989,EGY,24.86816,39.70468137,44500000.0,54466984.0
1990,EGY,30.875,41.53720345,45500000.0,55513976.0
1991,EGY,24.95484,47.64561822,45400000.0,56813640.0
1992,EGY,23.38595,51.31066324,46000000.0,57935649.0
1993,EGY,20.01414,61.08412578,47500000.0,59013356.0
1994,EGY,18.26323,64.7491708,46500000.0,60104701.0
1995,EGY,19.09535,67.1925378,46600000.0,61224355.0
1996,EGY,22.48449,70.24674109,45100000.0,62344140.0
1997,EGY,20.3782,70.85758284,43800000.0,63561849.0
1998,EGY,13.61725,74.52263334,43000000.0,64738372.0
1999,EGY,18.55794,89.79366067,41400000.0,65987971.0
2000,EGY,28.50001,111.7839418,38800000.0,67608813.0
2001,EGY,23.698,198.5715979,35800000.0,68606113.0
2002,EGY,23.71533,206.8179267,35600000.0,69889516.0
2003,EGY,26.54107,227.0709103,35500000.0,71326147.0
2004,EGY,34.29882,242.1122141,33500000.0,72704229.0
2005,EGY,47.25731,310.0619635,32800000.0,73981460.0
2006,EGY,55.369,331.8322716,31500000.0,74107050.0
2007,EGY,60.11999161,349.6443419,31723964.52,80060540.0
2008,EGY,77.78562545,431.9097181,28912845.65,81527172.0
2009,EGY,49.50098024,456.4507927,26826373.06,79716203.0
2010,EGY,62.7780519,442.5309897,28642503.86,81121077.0
2011,EGY,85.17070839,441.4754596,28210403.71,82536770.0
2012,EGY,83.75446549,431.5138944,26866283.78,80721874.0
2013,EGY,80.31953005,410.6671751,25618211.62,82056378.0
1980,ESP,75.97401,0.004377696,1602000.0,37401199.0
1981,ESP,67.14143,0.003852372,1229000.0,37726695.0
1982,ESP,58.02282,0.022413801,1531000.0,37930882.0
1983,ESP,50.38642,0.513241028,2977000.0,38257651.0
1984,ESP,45.81844,1.200539231,2315000.0,38269773.0
1985,ESP,43.43477,1.871202191,2183000.0,38410890.0
1986,ESP,22.21579,2.712595278,1861000.0,38489762.0
1987,ESP,27.45986,5.18844478,1640000.0,38574773.0
1988,ESP,21.41834,6.605767495,1480000.0,38675847.0
1989,ESP,24.86816,11.15576915,1038000.0,38815024.0
1990,ESP,30.875,7.750528044,795000.0,38808229.0
1991,ESP,24.95484,7.635826948,1067000.0,38941414.0
1992,ESP,23.38595,6.996776423,1073000.0,39083236.0
1993,ESP,20.01414,3.637669042,900000.0,39167143.0
1994,ESP,18.26323,1.048698005,800000.0,39205648.0
1995,ESP,19.09535,2.42511201,700000.0,39301063.0
1996,ESP,22.48449,2.261253155,600000.0,39479664.0
1997,ESP,20.3782,0.93399537,400000.0,39608978.0
1998,ESP,13.61725,3.35910909,600000.0,39715170.0
1999,ESP,18.55794,3.129705531,300000.0,39937400.0
2000,ESP,28.50001,1.190207869,200000.0,40285568.0
2001,ESP,23.698,3.404084536,353511.774,40865946.0
2002,ESP,23.71533,3.371100155,319218.0,41382566.0
2003,ESP,26.54107,1.418369491,328530.6,42030178.0
2004,ESP,34.29882,2.236405309,298664.046,42666240.0
2005,ESP,47.25731,1.042335963,154038.87,43489953.0
2006,ESP,55.369,0.455198285,149127.096,43394722.0
2007,ESP,60.11999161,0.112151006,136847.91,44878945.0
2008,ESP,77.78562545,0.112151006,132800.166,45555716.0
2009,ESP,49.50098024,0.085762754,116382.102,45908594.0
2010,ESP,62.7780519,0.33645115,128115.48,46070971.0
2011,ESP,85.17070839,0.343047279,107922.576,46235000.0
2012,ESP,83.75446549,0.40242178,149535.954,46773055.0
2013,ESP,80.31953005,0.369435531,365382.102,46620045.0
1980,FRA,75.97401,73.84349406,1196000.0,53861780.0
1981,FRA,67.14143,69.23413085,1676000.0,54225629.0
1982,FRA,58.02282,64.7247542,1646000.0,54476754.0
1983,FRA,50.38642,69.94822055,1661000.0,54714558.0
1984,FRA,45.81844,65.12329961,2065000.0,55021456.0
1985,FRA,43.43477,56.11155063,2642000.0,55167905.0
1986,FRA,22.21579,42.85974084,2948000.0,55277109.0
1987,FRA,27.45986,37.23527758,3230000.0,55693669.0
1988,FRA,21.41834,21.23182347,3355000.0,55905465.0
1989,FRA,24.86816,21.23777714,3244000.0,56428859.0
1990,FRA,30.875,19.02402437,3024000.0,56788288.0
1991,FRA,24.95484,16.26191326,2952000.0,56981838.0
1992,FRA,23.38595,15.69666521,2866000.0,57203327.0
1993,FRA,20.01414,16.4867517,2752000.0,57447299.0
1994,FRA,18.26323,23.53449134,2769000.0,57654855.0
1995,FRA,19.09535,22.75070873,2503000.0,57863767.0
1996,FRA,22.48449,19.60297051,2107000.0,58053356.0
1997,FRA,20.3782,16.86918718,1780000.0,58190702.0
1998,FRA,13.61725,15.48653582,1709000.0,58423129.0
1999,FRA,18.55794,13.76557614,1539000.0,58633568.0
2000,FRA,28.50001,10.36795906,1417000.0,58891721.0
2001,FRA,23.698,12.60039043,1390170.486,59221195.0
2002,FRA,23.71533,17.87804088,1340506.938,59604015.0
2003,FRA,26.54107,15.70101007,1199020.158,60109853.0
2004,FRA,34.29882,14.44756809,1161863.88,60484605.0
2005,FRA,47.25731,11.80874287,1062582.102,60852869.0
2006,FRA,55.369,12.20456665,1070631.774,60890480.0
2007,FRA,60.11999161,10.75321278,987813.876,61938464.0
2008,FRA,77.78562545,9.697682689,971100.0,62277432.0
2009,FRA,49.50098024,9.103947014,903903.864,64720232.0
2010,FRA,62.7780519,8.906035123,900629.514,65075569.0
2011,FRA,85.17070839,7.38871062,887940.972,65436552.0
2012,FRA,83.75446549,3.522831671,809318.226,65635082.0
2013,FRA,80.31953005,2.236405309,796936.452,65920302.0
1980,GAB,75.97401,12.12989397,8895000.0,696405.0
1981,GAB,67.14143,12.54822656,7652000.0,717367.0
1982,GAB,58.02282,13.33796284,7792000.0,740355.0
1983,GAB,50.38642,11.80051616,7870000.0,764257.0
1984,GAB,45.81844,14.41049825,7919000.0,786889.0
1985,GAB,43.43477,16.35104314,8626000.0,813784.0
1986,GAB,22.21579,13.62478945,8295000.0,838520.0
1987,GAB,27.45986,11.63626502,7730000.0,868137.0
1988,GAB,21.41834,11.95758787,8890000.0,896111.0
1989,GAB,24.86816,14.82742998,10200000.0,925609.0
1990,GAB,30.875,0.589892724,13500000.0,958697.0
1991,GAB,24.95484,0.589892724,14700000.0,987624.0
1992,GAB,23.38595,0.589892724,14500000.0,1022134.0
1993,GAB,20.01414,0.57350612,15200000.0,1051988.0
1994,GAB,18.26323,0.57350612,16800000.0,1085022.0
1995,GAB,19.09535,0.57350612,17800000.0,1117139.0
1996,GAB,22.48449,0.57350612,18300000.0,1152704.0
1997,GAB,20.3782,0.57350612,18200000.0,1185065.0
1998,GAB,13.61725,0.57350612,16900000.0,1215533.0
1999,GAB,18.55794,0.57350612,17000000.0,1246423.0
2000,GAB,28.50001,0.554566474,16400000.0,1270857.0
2001,GAB,23.698,15.70101007,13400000.0,1295880.0
2002,GAB,23.71533,15.17324502,12500000.0,1319219.0
2003,GAB,26.54107,14.18368557,12000000.0,1339450.0
2004,GAB,34.29882,13.85383241,11900000.0,1362535.0
2005,GAB,47.25731,13.85383241,13300000.0,1383668.0
2006,GAB,55.369,13.85383241,11800000.0,1383136.0
2007,GAB,60.11999161,13.72189115,12162185.38,1421882.0
2008,GAB,77.78562545,13.72189115,12357203.18,1448159.0
2009,GAB,49.50098024,13.72189115,12058012.75,1477514.0
2010,GAB,62.7780519,13.72189115,12244660.16,1505463.0
2011,GAB,85.17070839,14.38159746,12187219.84,1534262.0
2012,GAB,83.75446549,2.533272213,12067927.93,1632572.0
2013,GAB,80.31953005,2.533272213,11915024.99,1671711.0
1980,GBR,75.97401,283.4505344,78900000.0,56332705.0
1981,GBR,67.14143,282.6222744,87900000.0,56345387.0
1982,GBR,58.02282,310.842651,100000000.0,56325175.0
1983,GBR,50.38642,329.6124585,111000000.0,56356973.0
1984,GBR,45.81844,319.6102997,121000000.0,56459414.0
1985,GBR,43.43477,347.9007195,122000000.0,56732472.0
1986,GBR,22.21579,365.1173206,121000000.0,56770413.0
1987,GBR,27.45986,266.9376216,123000000.0,57068220.0
1988,GBR,21.41834,257.1641623,114000000.0,57050450.0
1989,GBR,24.86816,251.6665909,91700000.0,57216551.0
1990,GBR,30.875,277.9327556,91600000.0,57504274.0
1991,GBR,24.95484,370.5295532,91300000.0,57701705.0
1992,GBR,23.38595,371.4919458,94300000.0,57927405.0
1993,GBR,20.01414,413.5178232,100000000.0,58154895.0
1994,GBR,18.26323,451.1688067,127000000.0,58084460.0
1995,GBR,19.09535,518.6371503,130000000.0,58309011.0
1996,GBR,22.48449,616.8053973,130000000.0,58259043.0
1997,GBR,20.3782,629.3438178,128000000.0,58466870.0
1998,GBR,13.61725,660.8695297,132000000.0,58577915.0
1999,GBR,18.55794,726.0096397,137000000.0,58816018.0
2000,GBR,28.50001,798.0630065,126000000.0,59762214.0
2001,GBR,23.698,761.4989883,3150000.0,59540120.0
2002,GBR,23.71533,743.6869181,2750000.0,59355088.0
2003,GBR,26.54107,728.9094968,2290000.0,59575095.0
2004,GBR,34.29882,689.3271185,1990000.0,59840895.0
2005,GBR,47.25731,631.1410224,1700000.0,60209410.0
2006,GBR,55.369,569.7223653,1510000.0,60229077.0
2007,GBR,60.11999161,511.932093,1310769.366,60980304.0
2008,GBR,77.78562545,496.0991417,1287288.168,61406928.0
2009,GBR,49.50098024,157.471895105,1218273.834,61811027.0
2010,GBR,62.7780519,405.5874366,971413.242,62231336.0
2011,GBR,85.17070839,325.4331204,722850.486,62641000.0
2012,GBR,83.75446549,278.2509255,897938.322,63700300.0
2013,GBR,80.31953005,253.8220019,1038490.356,64106779.0
1980,HUN,75.97401,42.90491866,2031000.0,10693712.0
1981,HUN,67.14143,42.11448195,2024000.0,10709845.0
1982,HUN,58.02282,44.65056854,2027000.0,10687470.0
1983,HUN,50.38642,43.51727072,2004000.0,10650556.0
1984,HUN,45.81844,44.59033145,2007000.0,10598324.0
1985,HUN,43.43477,42.77218693,2012000.0,10571623.0
1986,HUN,22.21579,40.78891573,2005000.0,10529486.0
1987,HUN,27.45986,37.26131612,1914000.0,10444790.0
1988,HUN,21.41834,32.98542649,1947000.0,10448408.0
1989,HUN,24.86816,31.76374474,1966000.0,10404366.0
1990,HUN,30.875,25.65533162,1974000.0,10375414.0
1991,HUN,24.95484,28.22037667,1841000.0,10378709.0
1992,HUN,23.38595,30.32377183,1769000.0,10370729.0
1993,HUN,20.01414,32.73185461,1654000.0,10360204.0
1994,HUN,18.26323,30.56121804,1575000.0,10345208.0
1995,HUN,19.09535,30.82387977,1668000.0,10330029.0
1996,HUN,22.48449,29.3067456,1477000.0,10306206.0
1997,HUN,20.3782,27.34203583,1360000.0,10293871.0
1998,HUN,13.61725,26.53934157,1260000.0,10265219.0
1999,HUN,18.55794,23.02807952,1243000.0,10230874.0
2000,HUN,28.50001,21.96062223,1136000.0,10214646.0
2001,HUN,23.698,21.41406667,1354014.192,10181020.0
2002,HUN,23.71533,20.60262885,1198883.706,10151670.0
2003,HUN,26.54107,19.59327727,1245000.0,10124367.0
2004,HUN,34.29882,20.27937183,1179280.434,10112208.0
2005,HUN,47.25731,20.12104231,954522.576,10110145.0
2006,HUN,55.369,20.44429934,887668.068,10101365.0
2007,HUN,60.11999161,17.30409732,812899.842,10055780.0
2008,HUN,77.78562545,17.48221709,792854.346,10038188.0
2009,HUN,49.50098024,17.19854432,792570.486,10022650.0
2010,HUN,62.7780519,19.13148286,717529.356,10000023.0
2011,HUN,85.17070839,18.24747641,646990.644,9971000.0
2012,HUN,83.75446549,14.73783886,643045.986,9920362.0
2013,HUN,80.31953005,12.85767683,597600.0,9893082.0
1980,IND,75.97401,14.033316,9399000.0,687498060.0
1981,IND,67.14143,23.55322788,14900000.0,703206432.0
1982,IND,58.02282,31.49909554,19700000.0,718750944.0
1983,IND,50.38642,38.9726974,25100000.0,733353914.0
1984,IND,45.81844,46.08084924,27900000.0,746989180.0
1985,IND,43.43477,53.43205073,29900000.0,766173042.0
1986,IND,22.21579,63.89824528,31200000.0,782387705.0
1987,IND,27.45986,47.03477537,30900000.0,799024666.0
1988,IND,21.41834,54.36487111,32700000.0,816025811.0
1989,IND,24.86816,65.36001211,35000000.0,832323375.0
1990,IND,30.875,75.74431136,34800000.0,849694488.0
1991,IND,24.95484,90.95240385,33100000.0,866280289.0
1992,IND,23.38595,90.97972067,30200000.0,882707966.0
1993,IND,20.01414,93.45504485,29000000.0,898964349.0
1994,IND,18.26323,116.3171221,33200000.0,916272203.0
1995,IND,19.09535,125.7771472,37300000.0,932049884.0
1996,IND,22.48449,178.8032979,36500000.0,948195718.0
1997,IND,20.3782,128.1347989,37300000.0,964769865.0
1998,IND,13.61725,135.0333466,37000000.0,981942972.0
1999,IND,18.55794,131.9318369,36500000.0,999310383.0
2000,IND,28.50001,164.3295858,36100000.0,1012113499.0
2001,IND,23.698,171.8534926,32000000.0,1037057278.0
2002,IND,23.71533,187.0267376,33100000.0,1046849739.0
2003,IND,26.54107,210.2483995,32900000.0,1067405898.0
2004,IND,34.29882,211.9636359,34000000.0,1078622900.0
2005,IND,47.25731,222.3210249,33100000.0,1093178323.0
2006,IND,55.369,209.1268988,34300000.0,1094944933.0
2007,IND,60.11999161,213.0851366,34737045.29,1124786997.0
2008,IND,77.78562545,218.4947283,34546883.99,1139964932.0
2009,IND,49.50098024,275.0975293,33885555.93,1207740408.0
2010,IND,62.7780519,351.8213727,37414741.49,1224614327.0
2011,IND,85.17070839,320.4193525,38960573.33,1241491960.0
2012,IND,83.75446549,277.4065014,38693126.92,1236686732.0
2013,IND,80.31953005,233.206179,38449364.88,1252139596.0
1980,IRN,75.97401,137.2041583,72700000.0,39114798.0
1981,IRN,67.14143,114.7306453,72000000.0,40499043.0
1982,IRN,58.02282,167.4030783,120000000.0,42018975.0
1983,IRN,50.38642,175.6051287,123000000.0,43565041.0
1984,IRN,45.81844,208.2907548,109000000.0,45239103.0
1985,IRN,43.43477,215.8028804,109000000.0,47131122.0
1986,IRN,22.21579,227.7539893,93400000.0,48835522.0
1987,IRN,27.45986,97.73459773,116000000.0,50331210.0
1988,IRN,21.41834,122.1682485,117000000.0,51779608.0
1989,IRN,24.86816,135.6067547,143000000.0,53238589.0
1990,IRN,30.875,141.7151657,162000000.0,54352227.0
1991,IRN,24.95484,157.5970402,174000000.0,55316212.0
1992,IRN,23.38595,152.7103062,176000000.0,56209420.0
1993,IRN,20.01414,165.537972,183000000.0,57101870.0
1994,IRN,18.26323,194.2475233,184000000.0,58000373.0
1995,IRN,19.09535,215.6269627,184000000.0,58954397.0
1996,IRN,22.48449,238.2280856,185000000.0,59819871.0
1997,IRN,20.3782,287.0953818,185000000.0,60923365.0
1998,IRN,13.61725,305.4206124,189000000.0,61803241.0
1999,IRN,18.55794,353.0662471,176000000.0,62805081.0
2000,IRN,28.50001,367.7264272,188000000.0,63668361.0
2001,IRN,23.698,733.5934116,185000000.0,64549202.0
2002,IRN,23.71533,798.2446295,172000000.0,65455895.0
2003,IRN,26.54107,851.021134,186000000.0,66378583.0
2004,IRN,34.29882,890.6035123,199000000.0,67288952.0
2005,IRN,47.25731,1006.052116,206000000.0,68254712.0
2006,IRN,55.369,1106.98718,201000000.0,68392202.0
2007,IRN,60.11999161,1149.208384,194812142.4,71021039.0
2008,IRN,77.78562545,1190.261908,201703606.4,71956322.0
2009,IRN,49.50098024,1229.032847,201044509.8,73137148.0
2010,IRN,62.7780519,1452.145519,203204863.7,73973630.0
2011,IRN,85.17070839,1478.533772,201889200.0,74798599.0
2012,IRN,83.75446549,1526.11179,168665116.6,76424443.0
2013,IRN,80.31953005,1509.981972,155042271.8,77447168.0
1980,IRQ,75.97401,77.68973738,130000000.0,14089174.0
1981,IRQ,67.14143,27.52169646,43900000.0,14535660.0
1982,IRQ,58.02282,28.69842102,49600000.0,14949766.0
1983,IRQ,50.38642,27.39912098,53800000.0,15388104.0
1984,IRQ,45.81844,33.63471054,58700000.0,15837663.0
1985,IRQ,43.43477,44.45812505,68800000.0,16264662.0
1986,IRQ,22.21579,56.47752598,82700000.0,16708053.0
1987,IRQ,27.45986,62.9652708,117000000.0,17095609.0
1988,IRQ,21.41834,72.93591021,137000000.0,17544612.0
1989,IRQ,24.86816,78.46756632,139000000.0,17977589.0
1990,IRQ,30.875,9.83153745,106000000.0,18539674.0
1991,IRQ,24.95484,10.06093896,13700000.0,19061378.0
1992,IRQ,23.38595,13.14148639,26000000.0,19676769.0
1993,IRQ,20.01414,14.76369073,22700000.0,20323563.0
1994,IRQ,18.26323,18.33581506,25300000.0,20969771.0
1995,IRQ,19.09535,18.33581506,27400000.0,21653649.0
1996,IRQ,22.48449,18.74546204,30000000.0,22312218.0
1997,IRQ,20.3782,17.64760849,58300000.0,22964138.0
1998,IRQ,13.61725,17.07410164,106000000.0,23581589.0
1999,IRQ,18.55794,17.64760849,126000000.0,24411857.0
2000,IRQ,28.50001,33.61649933,129000000.0,23159435.0
2001,IRQ,23.698,26.05839906,119000000.0,23645658.0
2002,IRQ,23.71533,23.41957384,101000000.0,24230517.0
2003,IRQ,26.54107,15.17324502,65200000.0,24627462.0
2004,IRQ,34.29882,18.47177655,100000000.0,24667621.0
2005,IRQ,47.25731,74.87666566,93500000.0,24677198.0
2006,IRQ,55.369,78.50505034,99400000.0,24682560.0
2007,IRQ,60.11999161,89.69366928,103897322.7,29947491.0
2008,IRQ,77.78562545,97.51118807,118288246.3,30711152.0
2009,IRQ,49.50098024,109.3595152,119051458.7,31090763.0
2010,IRQ,62.7780519,111.3584243,119485266.0,32030823.0
2011,IRQ,85.17070839,123.2991085,130759109.5,32961959.0
2012,IRQ,83.75446549,135.2134044,148569999.8,32578209.0
2013,IRQ,80.31953005,141.1045826,152108301.3,33417476.0
1980,ISR,75.97401,0.980603806,20000.0,3873410.0
1981,ISR,67.14143,0.988133442,16000.0,3959474.0
1982,ISR,58.02282,0.485398884,12000.0,4039432.0
1983,ISR,50.38642,0.402222668,12000.0,4102695.0
1984,ISR,45.81844,0.311691924,9000.0,4166446.0
1985,ISR,43.43477,0.332704863,9000.0,4215883.0
1986,ISR,22.21579,0.239022178,12000.0,4299000.0
1987,ISR,27.45986,0.263011949,14000.0,4369000.0
1988,ISR,21.41834,0.239022178,18000.0,4441999.0
1989,ISR,24.86816,0.239022178,16000.0,4517999.0
1990,ISR,30.875,0.147472305,13000.0,4660000.0
1991,ISR,24.95484,0.147472305,11000.0,4949000.0
1992,ISR,23.38595,0.114700882,9000.0,5123000.0
1993,ISR,20.01414,0.18024548,4000.0,5261000.0
1994,ISR,18.26323,0.18024548,4000.0,5399001.0
1995,ISR,19.09535,0.114700882,7000.0,5545001.0
1996,ISR,22.48449,0.114700882,4000.0,5692000.0
1997,ISR,20.3782,0.114700882,4910.4,5835999.0
1998,ISR,13.61725,0.114700882,5000.0,5970999.0
1999,ISR,18.55794,0.114700882,4000.0,6125002.0
2000,ISR,28.50001,0.067766727,4000.0,6289000.0
2001,ISR,23.698,0.065970631,3984.0,6439000.0
2002,ISR,23.71533,0.065970631,4980.0,6570001.0
2003,ISR,26.54107,0.263882522,2988.0,6689700.0
2004,ISR,34.29882,5.277650443,3735.0,6806382.0
2005,ISR,47.25731,5.013767921,4980.0,6926679.0
2006,ISR,55.369,6.597063054,4980.0,6930041.0
2007,ISR,60.11999161,18.20789403,4980.0,7180100.0
2008,ISR,77.78562545,22.82583817,4980.0,7308800.0
2009,ISR,49.50098024,21.30851366,4980.0,7485600.0
2010,ISR,62.7780519,21.30851366,4980.0,7623600.0
2011,ISR,85.17070839,39.45703506,4980.0,7765700.0
2012,ISR,83.75446549,16.426687,19422.0,7910500.0
2013,ISR,80.31953005,42.48508607,19422.0,8059500.0
1980,ITA,75.97401,84.40074467,1800000.0,56391711.0
1981,ITA,67.14143,94.58816757,1436000.0,56516870.0
1982,ITA,58.02282,103.1174945,1727000.0,56558970.0
1983,ITA,50.38642,87.26953613,2208000.0,56494461.0
1984,ITA,45.81844,92.31806976,2240000.0,56512161.0
1985,ITA,43.43477,94.93820811,2352000.0,56605063.0
1986,ITA,22.21579,95.30365813,2529000.0,56504856.0
1987,ITA,27.45986,99.5671221,3935000.0,56711164.0
1988,ITA,21.41834,101.3996465,4835000.0,56542468.0
1989,ITA,24.86816,103.8430117,4605000.0,56558236.0
1990,ITA,30.875,105.6755352,4670000.0,56625527.0
1991,ITA,24.95484,111.446323,4330000.0,56700647.0
1992,ITA,23.38595,120.0196019,4500000.0,56750751.0
1993,ITA,20.01414,127.7418569,4640000.0,56766415.0
1994,ITA,18.26323,134.7391655,4895000.0,56803025.0
1995,ITA,19.09535,133.1610938,5235000.0,56852924.0
1996,ITA,22.48449,133.2976779,5450000.0,56792671.0
1997,ITA,20.3782,128.5424499,5950000.0,56861664.0
1998,ITA,13.61725,126.5861453,5620000.0,56818149.0
1999,ITA,18.55794,120.1120589,5015000.0,56942410.0
2000,ITA,28.50001,98.95627598,4585000.0,56901361.0
2001,ITA,23.698,100.5524351,3907308.0,56953195.0
2002,ITA,23.71533,96.46885397,4251009.672,57218900.0
2003,ITA,26.54107,91.60022144,4773296.136,57636432.0
2004,ITA,34.29882,85.50453518,5187500.166,58168810.0
2005,ITA,47.25731,79.63314906,5707489.356,58646855.0
2006,ITA,55.369,72.4291562,5495055.006,58578414.0
2007,ITA,60.11999161,64.031094,5375262.102,59375289.0
2008,ITA,77.78562545,61.0558195,4952650.836,59832179.0
2009,ITA,49.50098024,52.88205744,4122484.836,60192698.0
2010,ITA,62.7780519,55.45491203,4781072.904,60483385.0
2011,ITA,85.17070839,55.73858668,4939068.384,60770000.0
2012,ITA,83.75446549,56.76772851,5028167.058,59539717.0
2013,ITA,80.31953005,51.02828366,5068411.932,60233948.0
1980,JPN,75.97401,15.46272115,521000.0,116847008.0
1981,JPN,67.14143,16.60284819,487000.0,117670369.0
1982,JPN,58.02282,16.27206951,491000.0,118434004.0
1983,JPN,50.38642,15.75830316,517000.0,119308471.0
1984,JPN,45.81844,16.64627493,506000.0,120035052.0
1985,JPN,43.43477,17.25617547,634000.0,120722282.0
1986,JPN,22.21579,15.12406263,728000.0,121486432.0
1987,JPN,27.45986,15.57636613,713000.0,122043593.0
1988,JPN,21.41834,15.06365043,707000.0,122795461.0
1989,JPN,24.86816,14.43151119,667000.0,123184736.0
1990,JPN,30.875,12.2894213,540000.0,123437042.0
1991,JPN,24.95484,15.33944525,516000.0,123859656.0
1992,JPN,23.38595,15.51385264,625000.0,124095021.0
1993,JPN,20.01414,15.83114801,570000.0,124498297.0
1994,JPN,18.26323,16.32705337,543000.0,125044011.0
1995,JPN,19.09535,15.8689713,531000.0,125469837.0
1996,JPN,22.48449,16.01816317,518000.0,125657934.0
1997,JPN,20.3782,16.37118054,498000.0,126033663.0
1998,JPN,13.61725,16.53298017,450000.0,126425419.0
1999,JPN,18.55794,16.37958571,378000.0,126401531.0
2000,JPN,28.50001,17.62355168,337000.0,126927487.0
2001,JPN,23.698,36.0925329,315445.65,127233378.0
2002,JPN,23.71533,40.84901443,265509.198,127524951.0
2003,JPN,26.54107,34.5224319,249000.0,127654540.0
2004,JPN,34.29882,37.52409465,298800.0,128040480.0
2005,JPN,47.25731,35.61754436,327724.836,127476092.0
2006,JPN,55.369,33.48009593,298800.0,127291954.0
2007,JPN,60.11999161,32.22005596,282154.35,127770750.0
2008,JPN,77.78562545,31.36903576,298800.0,127704000.0
2009,JPN,49.50098024,33.82973934,265372.746,127557958.0
2010,JPN,62.7780519,31.96277143,248727.096,127450459.0
2011,JPN,85.17070839,32.41137172,249000.0,127817277.0
2012,JPN,83.75446549,31.46799077,249000.0,127561489.0
2013,JPN,80.31953005,30.14857816,232354.35,127338621.0
1980,KWT,75.97401,78.30296497,84100000.0,1375710.0
1981,KWT,67.14143,56.28613313,56900000.0,1452275.0
1982,KWT,58.02282,41.11321542,41600000.0,1526527.0
1983,KWT,50.38642,48.45461088,53300000.0,1592228.0
1984,KWT,45.81844,51.87376622,58900000.0,1653225.0
1985,KWT,43.43477,52.00001896,53800000.0,1715544.0
1986,KWT,22.21579,50.80928577,71500000.0,1797784.0
1987,KWT,27.45986,29.32037949,52100000.0,1876277.0
1988,KWT,21.41834,41.53720399,63000000.0,1956172.0
1989,KWT,24.86816,50.08898149,68400000.0,2051594.0
1990,KWT,30.875,25.65533162,46800000.0,2116220.0
1991,KWT,24.95484,3.054206016,9215000.0,1366298.0
1992,KWT,23.38595,15.88187183,54600000.0,1363624.0
1993,KWT,20.01414,32.98542716,97200000.0,1365682.0
1994,KWT,18.26323,36.65047491,104000000.0,1363057.0
1995,KWT,19.09535,56.80823353,105000000.0,1797168.0
1996,KWT,22.48449,56.80823353,105000000.0,1891651.0
1997,KWT,20.3782,56.80823353,105000000.0,1985862.0
1998,KWT,13.61725,58.02991703,108000000.0,2021349.0
1999,KWT,18.55794,52.53234674,99500000.0,2102250.0
2000,KWT,28.50001,58.64075878,106000000.0,2187588.0
2001,KWT,23.698,65.97063054,99500000.0,2274201.0
2002,KWT,23.71533,63.99151162,94300000.0,2333831.0
2003,KWT,26.54107,73.8871062,106000000.0,2398853.0
2004,KWT,34.29882,79.16475665,118000000.0,2456791.0
2005,KWT,47.25731,99.61565211,126000000.0,2533723.0
2006,KWT,55.369,94.4039723,126000000.0,2533312.0
2007,KWT,60.11999161,87.80690925,122711975.3,2662966.0
2008,KWT,77.78562545,91.50126456,128770279.3,2728041.0
2009,KWT,49.50098024,77.11307097,117030000.0,2646286.0
2010,KWT,62.7780519,78.83490536,114560465.8,2736732.0
2011,KWT,85.17070839,90.70961886,126000822.1,2818042.0
2012,KWT,83.75446549,103.8509666,131220278.9,3250496.0
2013,KWT,80.31953005,109.0428562,131970000.0,3368572.0
1980,MEX,75.97401,270.5871137,99900000.0,67556919.0
1981,MEX,67.14143,291.3426439,120000000.0,69202782.0
1982,MEX,58.02282,379.4674067,143000000.0,70759411.0
1983,MEX,50.38642,354.6143534,140000000.0,72336338.0
1984,MEX,45.81844,301.9716888,140000000.0,73901319.0
1985,MEX,43.43477,288.0576212,136000000.0,75513670.0
1986,MEX,22.21579,298.05978,126000000.0,77098956.0
1987,MEX,27.45986,161.2620872,143000000.0,78617922.0
1988,MEX,21.41834,161.2620872,143000000.0,80208931.0
1989,MEX,24.86816,162.4837707,143000000.0,81767726.0
1990,MEX,30.875,163.7054577,146000000.0,83203347.0
1991,MEX,24.95484,166.0211273,154000000.0,84916756.0
1992,MEX,23.38595,201.0686078,154000000.0,86472328.0
1993,MEX,20.01414,196.7777657,154000000.0,87784223.0
1994,MEX,18.26323,200.1482411,154000000.0,89656237.0
1995,MEX,19.09535,196.4142419,151000000.0,91100029.0
1996,MEX,22.48449,223.1868271,163000000.0,92644902.0
1997,MEX,20.3782,230.2345667,170000000.0,93825985.0
1998,MEX,13.61725,383.72778,174000000.0,95400592.0
1999,MEX,18.55794,383.7172735,165000000.0,96522767.0
2000,MEX,28.50001,375.8395228,171000000.0,97921907.0
2001,MEX,23.698,271.9309391,156000000.0,98983553.0
2002,MEX,23.71533,270.55875,158000000.0,100135971.0
2003,MEX,26.54107,281.978267,168000000.0,101001366.0
2004,MEX,34.29882,284.5181354,168000000.0,101981625.0
2005,MEX,47.25731,295.8057112,166000000.0,103024445.0
2006,MEX,55.369,341.8070309,162000000.0,103116096.0
2007,MEX,60.11999161,350.812023,153170064.7,105280515.0
2008,MEX,77.78562545,407.5929437,139016836.0,106350434.0
2009,MEX,49.50098024,331.3836713,129550675.2,112033369.0
2010,MEX,62.7780519,364.6922436,130532717.2,113423047.0
2011,MEX,85.17070839,349.7037164,129292299.3,114793341.0
2012,MEX,83.75446549,321.3231511,129106771.9,120847477.0
2013,MEX,80.31953005,306.3214297,127580505.0,122332399.0
1980,MYS,75.97401,16.44805287,13400000.0,13757910.0
1981,MYS,67.14143,13.85435581,12600000.0,14122039.0
1982,MYS,58.02282,17.42970732,14800000.0,14492760.0
1983,MYS,50.38642,42.03218127,18700000.0,14865543.0
1984,MYS,45.81844,63.85061595,21400000.0,15278161.0
1985,MYS,43.43477,70.54691419,21800000.0,15685740.0
1986,MYS,22.21579,94.87814612,24500000.0,16086760.0
1987,MYS,27.45986,95.29123423,24000000.0,16497397.0
1988,MYS,21.41834,100.177963,26100000.0,16934605.0
1989,MYS,24.86816,106.8972179,28300000.0,17378434.0
1990,MYS,30.875,108.729744,29900000.0,17850474.0
1991,MYS,24.95484,107.9707829,31200000.0,18316395.0
1992,MYS,23.38595,117.5022519,31700000.0,18805771.0
1993,MYS,20.01414,151.0283956,31100000.0,19320963.0
1994,MYS,18.26323,157.9164369,31700000.0,19845312.0
1995,MYS,19.09535,239.5138804,34000000.0,20354479.0
1996,MYS,22.48449,240.9826848,34400000.0,20897025.0
1997,MYS,20.3782,272.6470822,35100000.0,21429926.0
1998,MYS,13.61725,262.8508501,36900000.0,21972779.0
1999,MYS,18.55794,279.0833453,35600000.0,22499466.0
2000,MYS,28.50001,302.0820067,35500000.0,23037535.0
2001,MYS,23.698,340.9362186,32800000.0,23501567.0
2002,MYS,23.71533,429.6667167,34800000.0,24058699.0
2003,MYS,26.54107,490.4256674,36700000.0,24399743.0
2004,MYS,34.29882,485.675782,37600000.0,24911472.0
2005,MYS,47.25731,500.7170858,31400000.0,25349440.0
2006,MYS,55.369,463.1138264,30500000.0,25362170.0
2007,MYS,60.11999161,469.7108894,29293257.89,26555654.0
2008,MYS,77.78562545,501.3767921,30318458.62,27014337.0
2009,MYS,49.50098024,497.4185543,28777690.45,27949395.0
2010,MYS,62.7780519,507.7759433,27587190.07,28401017.0
2011,MYS,85.17070839,503.2239698,25494871.46,28859154.0
2012,MYS,83.75446549,508.9634146,29160893.48,29239927.0
2013,MYS,80.31953005,517.2757141,28398961.45,29716965.0
1980,NGA,75.97401,161.8188898,104000000.0,68420271.0
1981,NGA,67.14143,140.086258,70900000.0,70426872.0
1982,NGA,58.02282,122.5754757,63600000.0,72251808.0
1983,NGA,50.38642,103.7298465,61000000.0,74273587.0
1984,NGA,45.81844,111.0411235,69200000.0,76227252.0
1985,NGA,43.43477,126.8866303,74200000.0,78351779.0
1986,NGA,22.21579,128.0414664,72800000.0,80760646.0
1987,NGA,27.45986,18.32523675,65200000.0,82875969.0
1988,NGA,21.41834,22.60112637,71400000.0,85131962.0
1989,NGA,24.86816,25.65533249,84500000.0,88198632.0
1990,NGA,30.875,24.43364812,89200000.0,90492570.0
1991,NGA,24.95484,30.06531269,93100000.0,93047600.0
1992,NGA,23.38595,30.20820067,96300000.0,95949898.0
1993,NGA,20.01414,34.50534663,97100000.0,98639311.0
1994,NGA,18.26323,31.0886428,97000000.0,101157957.0
1995,NGA,19.09535,30.47506499,97500000.0,103582780.0
1996,NGA,22.48449,30.59063615,105000000.0,106362470.0
1997,NGA,20.3782,37.58164086,113000000.0,109223653.0
1998,NGA,13.61725,31.15290464,106000000.0,111882335.0
1999,NGA,18.55794,36.65047491,99200000.0,114696595.0
2000,NGA,28.50001,65.9708543,103000000.0,117591480.0
2001,NGA,23.698,259.264578,112000000.0,120415772.0
2002,NGA,23.71533,251.3481024,105000000.0,123060850.0
2003,NGA,26.54107,290.2707744,113000000.0,126071795.0
2004,NGA,34.29882,299.5066626,116000000.0,128577889.0
2005,NGA,47.25731,358.2205238,131000000.0,131442813.0
2006,NGA,55.369,407.6984967,122000000.0,131419169.0
2007,NGA,60.11999161,451.2391129,117012263.2,147721843.0
2008,NGA,77.78562545,479.1974661,107838906.5,151212254.0
2009,NGA,49.50098024,374.1656262,109973902.2,154488072.0
2010,NGA,62.7780519,446.75311,122271961.4,158423182.0
2011,NGA,85.17070839,448.1384933,125759326.0,162470737.0
2012,NGA,83.75446549,559.7344119,125496000.0,168833776.0
2013,NGA,80.31953005,525.2977427,117895019.0,173615345.0
1980,NLD,75.97401,600.4674872,1280000.0,14142657.0
1981,NLD,67.14143,579.9430994,1348000.0,14256565.0
1982,NLD,58.02282,448.0378789,1637000.0,14298832.0
1983,NLD,50.38642,477.433229,2589000.0,14381605.0
1984,NLD,45.81844,482.1593892,3102000.0,14421020.0
1985,NLD,43.43477,503.5803291,3728000.0,14505966.0
1986,NLD,22.21579,418.111952,4628000.0,14523892.0
1987,NLD,27.45986,381.1649352,4291000.0,14661345.0
1988,NLD,21.41834,338.4060477,3909000.0,14768726.0
1989,NLD,24.86816,367.1155863,3391000.0,14844649.0
1990,NLD,30.875,370.1697942,3533000.0,14959240.0
1991,NLD,24.95484,502.9425864,3258000.0,15081430.0
1992,NLD,23.38595,504.4008843,2845000.0,15169282.0
1993,NLD,20.01414,463.6105677,2672000.0,15270521.0
1994,NLD,18.26323,435.6339412,3437000.0,15374978.0
1995,NLD,19.09535,439.651615,2721000.0,15462931.0
1996,NLD,22.48449,497.5926922,2221000.0,15510899.0
1997,NLD,20.3782,440.2756993,2069000.0,15599647.0
1998,NLD,13.61725,417.220303,1714000.0,15694320.0
1999,NLD,18.55794,392.2527292,1594000.0,15812470.0
2000,NLD,28.50001,350.0120383,1443000.0,15925798.0
2001,NLD,23.698,514.5313358,392260.158,16052354.0
2002,NLD,23.71533,500.3146659,277379.028,16157709.0
2003,NLD,26.54107,481.2623478,357182.034,16187232.0
2004,NLD,34.29882,567.5057521,228318.06,16278341.0
2005,NLD,47.25731,518.4961717,236993.22,16329006.0
2006,NLD,55.369,510.1244977,136847.91,16334595.0
2007,NLD,60.11999161,502.4323222,232217.898,16381696.0
2008,NLD,77.78562545,553.1637371,324244.314,16445593.0
2009,NLD,49.50098024,520.2575866,364972.746,16530388.0
2010,NLD,62.7780519,585.1331046,386666.124,16615394.0
2011,NLD,85.17070839,532.9239476,635120.316,16696000.0
2012,NLD,83.75446549,531.3406525,547800.0,16754962.0
2013,NLD,80.31953005,570.1247871,584502.102,16804432.0
1980,NOR,75.97401,186.4495561,24600000.0,4086534.0
1981,NOR,67.14143,185.2430632,23500000.0,4106167.0
1982,NOR,58.02282,229.4017539,24500000.0,4119007.0
1983,NOR,50.38642,229.5803639,30500000.0,4123823.0
1984,NOR,45.81844,242.6083859,33800000.0,4145607.0
1985,NOR,43.43477,244.4154986,37000000.0,4145219.0
1986,NOR,22.21579,259.9563178,40500000.0,4154055.0
1987,NOR,27.45986,181.4198483,49500000.0,4192722.0
1988,NOR,21.41834,182.0306892,56200000.0,4213762.0
1989,NOR,24.86816,188.1391015,74500000.0,4220204.0
1990,NOR,30.875,169.8138643,81700000.0,4242989.0
1991,NOR,24.95484,193.4955447,93300000.0,4254776.0
1992,NOR,23.38595,197.8010958,107000000.0,4289857.0
1993,NOR,20.01414,204.4979194,114000000.0,4302469.0
1994,NOR,18.26323,221.1569772,129000000.0,4335407.0
1995,NOR,19.09535,231.8420565,139000000.0,4362189.0
1996,NOR,22.48449,304.3787209,156000000.0,4378382.0
1997,NOR,20.3782,335.0155855,157000000.0,4408218.0
1998,NOR,13.61725,341.9414501,150000000.0,4420559.0
1999,NOR,18.55794,366.3290668,149000000.0,4466855.0
2000,NOR,28.50001,329.8542606,161000000.0,4495803.0
2001,NOR,23.698,623.884253,161000000.0,4518045.0
2002,NOR,23.71533,697.9033005,156000000.0,4541710.0
2003,NOR,26.54107,780.2346474,151000000.0,4567208.0
2004,NOR,34.29882,842.7748051,147000000.0,4594515.0
2005,NOR,47.25731,862.8958474,134000000.0,4623234.0
2006,NOR,55.369,854.3196655,124000000.0,4625437.0
2007,NOR,60.11999161,901.8185195,113057079.0,4709153.0
2008,NOR,77.78562545,931.8351564,108661422.7,4768212.0
2009,NOR,49.50098024,953.4075525,102957748.1,4828726.0
2010,NOR,62.7780519,981.3131293,93090253.06,4889252.0
2011,NOR,85.17070839,970.5599165,87261606.78,4952000.0
2012,NOR,83.75446549,760.0674266,80010639.13,5018573.0
2013,NOR,80.31953005,717.3382482,76189088.23,5079623.0
1980,NZL,75.97401,9.253572878,315000.0,3116109.0
1981,NZL,67.14143,9.907250379,412000.0,3147298.0
1982,NZL,58.02282,16.94395823,648000.0,3181618.0
1983,NZL,50.38642,18.58489363,637000.0,3220004.0
1984,NZL,45.81844,23.28618845,811000.0,3251456.0
1985,NZL,43.43477,25.36454319,993000.0,3283407.0
1986,NZL,22.21579,29.50934535,1732000.0,3278516.0
1987,NZL,27.45986,28.48619034,1259000.0,3303102.0
1988,NZL,21.41834,31.19668433,1511000.0,3350486.0
1989,NZL,24.86816,32.00445671,1697000.0,3398689.0
1990,NZL,30.875,28.01987821,1767000.0,3449651.0
1991,NZL,24.95484,36.16536879,1849000.0,3485861.0
1992,NZL,23.38595,34.9613274,1739000.0,3530628.0
1993,NZL,20.01414,37.21181314,1842000.0,3571519.0
1994,NZL,18.26323,32.68142355,1772000.0,3620894.0
1995,NZL,19.09535,32.99871893,1475000.0,3673707.0
1996,NZL,22.48449,37.48077875,1950000.0,3733212.0
1997,NZL,20.3782,40.18094137,2587000.0,3781547.0
1998,NZL,13.61725,35.18616585,2054000.0,3813974.0
1999,NZL,18.55794,40.97312916,1811000.0,3833572.0
2000,NZL,28.50001,42.78444448,1608000.0,3845044.0
2001,NZL,23.698,42.72258034,1651586.0,3867028.0
2002,NZL,23.71533,40.45978864,1535455.0,3937588.0
2003,NZL,26.54107,30.82147859,1188317.0,4010662.0
2004,NZL,34.29882,28.26181812,1040050.0,4063716.0
2005,NZL,47.25731,26.47401497,959165.0,4093698.0
2006,NZL,55.369,27.1403174,954800.0,4112039.0
2007,NZL,60.11999161,30.24093704,2048622.0,4228300.0
2008,NZL,77.78562545,29.04686769,2987320.0,4268900.0
2009,NZL,49.50098024,28.18265337,2783206.0,4315800.0
2010,NZL,62.7780519,33.20301928,2641310.328,4367800.0
2011,NZL,85.17070839,29.91768188,2306899.842,4405200.0
2012,NZL,83.75446549,31.08536111,2045745.654,4408100.0
2013,NZL,80.31953005,31.43500639,1756234.35,4442100.0
1980,OMN,75.97401,17.98795106,14000000.0,1187376.0
1981,OMN,67.14143,20.34052466,16300000.0,1252753.0
1982,OMN,58.02282,20.19868732,16700000.0,1319921.0
1983,OMN,50.38642,24.3662535,19300000.0,1389816.0
1984,OMN,45.81844,26.91057016,20700000.0,1459617.0
1985,OMN,43.43477,27.47266627,24700000.0,1527687.0
1986,OMN,22.21579,31.83460212,27800000.0,1593375.0
1987,OMN,27.45986,14.04934887,29000000.0,1653562.0
1988,OMN,21.41834,14.04934887,30900000.0,1715119.0
1989,OMN,24.86816,14.66018975,32100000.0,1778063.0
1990,OMN,30.875,15.88187183,34200000.0,1842696.0
1991,OMN,24.95484,15.88187183,35300000.0,1909199.0
1992,OMN,23.38595,17.71439571,37000000.0,1979234.0
1993,OMN,20.01414,17.10355533,38800000.0,2045753.0
1994,OMN,18.26323,17.71439571,40500000.0,2114243.0
1995,OMN,19.09535,25.0444926,42800000.0,2178406.0
1996,OMN,22.48449,26.87701512,44400000.0,2239709.0
1997,OMN,20.3782,30.54206016,44900000.0,2300279.0
1998,OMN,13.61725,31.76374366,44700000.0,2352422.0
1999,OMN,18.55794,33.59626891,45000000.0,2400748.0
2000,OMN,28.50001,51.31066324,47600000.0,2446461.0
2001,OMN,23.698,136.427264,45500000.0,2471897.0
2002,OMN,23.71533,142.8264151,44700000.0,2492050.0
2003,OMN,26.54107,164.26687,40800000.0,2502765.0
2004,OMN,34.29882,181.419234,37400000.0,2525172.0
2005,OMN,47.25731,158.3295133,38600000.0,2561796.0
2006,OMN,55.369,196.4605377,36700000.0,2563092.0
2007,OMN,60.11999161,199.8910105,35375874.71,2726301.0
2008,OMN,77.78562545,199.5611574,37714589.29,2785361.0
2009,OMN,49.50098024,204.9377647,40463219.11,2712141.0
2010,OMN,62.7780519,219.6821997,43056477.42,2782435.0
2011,OMN,85.17070839,216.1857563,44106959.62,2846145.0
2012,OMN,83.75446549,247.6735373,45744701.84,3314001.0
2013,OMN,80.31953005,255.3063402,46808133.03,3632444.0
1980,PAK,75.97401,47.93471575,476000.0,82646081.0
1981,PAK,67.14143,54.84149359,474000.0,85246738.0
1982,PAK,58.02282,55.80178489,529000.0,87520905.0
1983,PAK,50.38642,59.90491139,632000.0,89982055.0
1984,PAK,45.81844,59.83014035,651000.0,92474664.0
1985,PAK,43.43477,62.44870273,1278000.0,94770282.0
1986,PAK,22.21579,65.6088736,1926000.0,97130118.0
1987,PAK,27.45986,56.19739374,2013000.0,100081634.0
1988,PAK,21.41834,59.86244249,2189000.0,102628294.0
1989,PAK,24.86816,64.74917124,2290000.0,104892938.0
1990,PAK,30.875,68.41421584,2619000.0,108246130.0
1991,PAK,24.95484,91.53446225,3151000.0,110775811.0
1992,PAK,23.38595,95.03311655,3014000.0,113442215.0
1993,PAK,20.01414,95.93036903,2937000.0,116322309.0
1994,PAK,18.26323,101.5849508,2774000.0,119343856.0
1995,PAK,19.09535,102.6292939,2664000.0,122656893.0
1996,PAK,22.48449,109.0571518,2850000.0,125163762.0
1997,PAK,20.3782,112.5410971,2753000.0,128679405.0
1998,PAK,13.61725,120.727738,2678000.0,131324207.0
1999,PAK,18.55794,142.9531232,2733000.0,135012646.0
2000,PAK,28.50001,115.4489923,2825000.0,138302397.0
2001,PAK,23.698,163.5411931,2981526.0,141471309.0
2002,PAK,23.71533,173.8985821,3200546.4,145024467.0
2003,PAK,26.54107,189.995416,2988000.0,148489540.0
2004,PAK,34.29882,204.5089547,3087600.0,151981355.0
2005,PAK,47.25731,226.9389691,3268169.322,156168893.0
2006,PAK,55.369,264.0144634,3270142.398,155360036.0
2007,PAK,60.11999161,264.0144634,3246705.024,162590903.0
2008,PAK,77.78562545,271.2712328,2917245.654,166111487.0
2009,PAK,49.50098024,276.4829126,2757419.028,170494367.0
2010,PAK,62.7780519,282.5522106,3016788.384,173593383.0
2011,PAK,85.17070839,274.8996175,2942020.158,176745364.0
2012,PAK,83.75446549,0.725676936,3585600.0,179160111.0
2013,PAK,80.31953005,279.5175616,4023840.0,182142594.0
1980,POL,75.97401,34.02502588,329000.0,35537506.0
1981,POL,67.14143,32.91414185,315000.0,35981826.0
1982,POL,58.02282,29.65485995,241000.0,36344359.0
1983,POL,50.38642,29.41828928,210000.0,36557320.0
1984,POL,45.81844,29.63699895,189000.0,36916646.0
1985,POL,43.43477,28.78457407,195000.0,37223840.0
1986,POL,22.21579,27.84844765,167000.0,37437238.0
1987,POL,27.45986,27.97575104,149000.0,37631214.0
1988,POL,21.41834,27.42503694,159000.0,37830652.0
1989,POL,24.86816,25.39448663,157000.0,37922667.0
1990,POL,30.875,23.8906333,160000.0,38105712.0
1991,POL,24.95484,19.19111691,157000.0,38290041.0
1992,POL,23.38595,22.04677528,199000.0,38360198.0
1993,POL,20.01414,26.23045137,200000.0,38451575.0
1994,POL,18.26323,24.99489058,600000.0,38517777.0
1995,POL,19.09535,25.55803734,292000.0,38548702.0
1996,POL,22.48449,26.41956782,317000.0,38597701.0
1997,POL,20.3782,26.10017115,289000.0,38679037.0
1998,POL,13.61725,24.87301553,360000.0,38625300.0
1999,POL,18.55794,26.04343622,434000.0,38630924.0
2000,POL,28.50001,27.30421254,653000.0,38456024.0
2001,POL,23.698,36.0331584,733629.198,38251260.0
2002,POL,23.71533,36.62689408,663363.39,38255503.0
2003,POL,26.54107,37.11507674,728853.876,38353132.0
2004,POL,34.29882,39.17995841,829863.714,38114758.0
2005,POL,47.25731,40.11674136,792024.678,38109137.0
2006,POL,55.369,39.68793133,746317.74,38208780.0
2007,POL,60.11999161,40.06396486,680281.446,38120560.0
2008,POL,77.78562545,38.09144207,705500.166,38125759.0
2009,POL,49.50098024,38.67198362,617792.904,38151603.0
2010,POL,62.7780519,40.22229437,642897.582,38183683.0
2011,POL,85.17070839,41.3371971,621885.966,38216000.0
2012,POL,83.75446549,40.98095569,667401.672,38063164.0
2013,POL,80.31953005,40.94137331,957388.068,38040196.0
1980,QAT,75.97401,42.4696225,23600000.0,228589.0
1981,QAT,67.14143,42.08103636,20100000.0,250108.0
1982,QAT,58.02282,40.2044496,16400000.0,276743.0
1983,QAT,50.38642,36.77351826,14700000.0,304836.0
1984,QAT,45.81844,42.80134238,17500000.0,333562.0
1985,QAT,43.43477,42.3843231,15000000.0,360624.0
1986,QAT,22.21579,46.45594662,13900000.0,386085.0
1987,QAT,27.45986,43.44468852,14600000.0,409128.0
1988,QAT,21.41834,49.56994375,17000000.0,431688.0
1989,QAT,24.86816,45.18517546,16000000.0,449969.0
1990,QAT,30.875,50.20589704,20200000.0,467303.0
1991,QAT,24.95484,53.55285872,19500000.0,481624.0
1992,QAT,23.38595,80.32928534,21200000.0,494470.0
1993,QAT,20.01414,117.1469691,20800000.0,505038.0
1994,QAT,18.26323,122.5022588,18900000.0,515225.0
1995,QAT,19.09535,125.849215,19400000.0,525191.0
1996,QAT,22.48449,126.8532832,25400000.0,536416.0
1997,QAT,20.3782,162.0643034,32400000.0,546730.0
1998,QAT,13.61725,175.3856091,34700000.0,560256.0
1999,QAT,18.55794,214.2114348,31700000.0,579156.0
2000,QAT,28.50001,225.296942,31600000.0,605644.0
2001,QAT,23.698,233.5360321,35600000.0,639741.0
2002,QAT,23.71533,251.3481024,33800000.0,687414.0
2003,QAT,26.54107,264.2123753,35600000.0,733379.0
2004,QAT,34.29882,319.7596462,39000000.0,777003.0
2005,QAT,47.25731,379.9908319,41600000.0,813100.0
2006,QAT,55.369,409.0179093,42300000.0,812566.0
2007,QAT,60.11999161,509.2932678,42360244.04,1137553.0
2008,QAT,77.78562545,599.5872707,46016904.16,1280862.0
2009,QAT,49.50098024,678.1780819,46142218.88,1597765.0
2010,QAT,62.7780519,869.6778394,56111799.41,1758793.0
2011,QAT,85.17070839,1023.464904,64536706.94,1870041.0
2012,QAT,83.75446549,1075.486205,77259937.63,2050514.0
2013,QAT,80.31953005,1085.876579,77339400.0,2168673.0
1980,ROM,75.97401,264.4793529,11500000.0,22261955.0
1981,ROM,67.14143,278.3986737,11600000.0,22363834.0
1982,ROM,58.02282,281.3702534,11700000.0,22487286.0
1983,ROM,50.38642,279.2969768,11600000.0,22525586.0
1984,ROM,45.81844,233.5710712,11500000.0,22608138.0
1985,ROM,43.43477,233.3136627,10700000.0,22718382.0
1986,ROM,22.21579,235.7178931,10100000.0,22822592.0
1987,ROM,27.45986,204.6318156,10000000.0,22949376.0
1988,ROM,21.41834,200.3559277,9840000.0,23065343.0
1989,ROM,24.86816,179.5873257,9625000.0,23145350.0
1990,ROM,30.875,172.868073,8135000.0,23205276.0
1991,ROM,24.95484,144.9409472,7010000.0,23208525.0
1992,ROM,23.38595,129.1665342,6825000.0,22775267.0
1993,ROM,20.01414,122.9235901,6930000.0,22784558.0
1994,ROM,18.26323,108.6789189,6975000.0,22739655.0
1995,ROM,19.09535,105.9073123,6950000.0,22695509.0
1996,ROM,22.48449,100.9104355,6850000.0,22589282.0
1997,ROM,20.3782,87.3024564,6750000.0,22578570.0
1998,ROM,13.61725,69.19980971,6555000.0,22543615.0
1999,ROM,18.55794,81.84959881,6380000.0,22422957.0
2000,ROM,28.50001,80.38289569,6285000.0,22479048.0
2001,ROM,23.698,94.33800167,6175200.0,22107282.0
2002,ROM,23.71533,87.74093862,6094474.2,21794919.0
2003,ROM,26.54107,81.14387556,5794977.0,21738250.0
2004,ROM,34.29882,77.84534404,5689581.774,21706322.0
2005,ROM,47.25731,77.18563773,5244281.13,21625319.0
2006,ROM,55.369,83.91464205,4803722.442,21644753.0
2007,ROM,60.11999161,80.74805178,4702075.164,21546873.0
2008,ROM,77.78562545,75.33846008,4750761.636,21513622.0
2009,ROM,49.50098024,71.64410477,4807393.698,21480401.0
2010,ROM,62.7780519,69.86289774,4389319.71,21438001.0
2011,ROM,85.17070839,69.994839,4325827.2,21390000.0
2012,ROM,83.75446549,75.37804245,4200640.956,20058035.0
2013,ROM,80.31953005,77.13945922,4232622.516,19983693.0
1980,RUS,75.97401,3134.924527,603000000.0,139130278.0
1981,RUS,67.14143,3351.126303,609000000.0,139932308.0
1982,RUS,58.02282,3608.406272,613000000.0,140871593.0
1983,RUS,50.38642,3860.641386,616000000.0,141542989.0
1984,RUS,45.81844,4233.229157,613000000.0,142662295.0
1985,RUS,43.43477,4633.923133,595000000.0,143634283.0
1986,RUS,22.21579,4943.812147,615000000.0,144904213.0
1987,RUS,27.45986,3101.240982,569000000.0,145770803.0
1988,RUS,21.41834,3360.84851,569000000.0,147364982.0
1989,RUS,24.86816,3508.672089,552000000.0,147859439.0
1990,RUS,30.875,3652.219651,516000000.0,148294652.0
1991,RUS,24.95484,3663.825797,462000000.0,148724828.0
1992,RUS,23.38595,3662.906131,399000000.0,148848153.0
1993,RUS,20.01414,3589.184337,355000000.0,148005645.0
1994,RUS,18.26323,3482.161237,318000000.0,148385171.0
1995,RUS,19.09535,3974.771762,311000000.0,148212005.0
1996,RUS,22.48449,3876.79053,303000000.0,147801687.0
1997,RUS,20.3782,3722.372747,307000000.0,147340688.0
1998,RUS,13.61725,3500.179832,304000000.0,146925572.0
1999,RUS,18.55794,3266.366762,305000000.0,146362044.0
2000,RUS,28.50001,3329.084781,323000000.0,145959323.0
2001,RUS,23.698,3831.574222,344000000.0,145439245.0
2002,RUS,23.71533,3927.891342,369000000.0,144928441.0
2003,RUS,26.54107,4066.429666,405000000.0,144256176.0
2004,RUS,34.29882,4181.87827,438000000.0,144014380.0
2005,RUS,47.25731,4420.691952,450000000.0,143089613.0
2006,RUS,55.369,4524.925549,461000000.0,143211245.0
2007,RUS,60.11999161,4515.68966,469965759.8,142100000.0
2008,RUS,77.78562545,4553.952626,465967823.8,141950000.0
2009,RUS,49.50098024,3850.045998,472869173.5,141910000.0
2010,RUS,62.7780519,4294.675906,482766900.6,141920000.0
2011,RUS,85.17070839,4542.737619,486721186.9,141930000.0
2012,RUS,83.75446549,4321.0763,494096142.6,143201676.0
2013,RUS,80.31953005,4406.83812,500681423.2,143506911.0
1980,SAU,75.97401,363.9528536,496000000.0,9619688.0
1981,SAU,67.14143,357.7277705,489000000.0,10190260.0
1982,SAU,58.02282,229.3387151,323000000.0,10857642.0
1983,SAU,50.38642,183.8001748,249000000.0,11481836.0
1984,SAU,45.81844,221.5394127,204000000.0,12166764.0
1985,SAU,43.43477,219.0808988,158000000.0,12887231.0
1986,SAU,22.21579,260.8756339,238000000.0,13596498.0
1987,SAU,27.45986,163.7054525,221000000.0,14339954.0
1988,SAU,21.41834,177.7548013,277000000.0,15069793.0
1989,SAU,24.86816,182.0306892,271000000.0,15765310.0
1990,SAU,30.875,204.6318112,343000000.0,16385685.0
1991,SAU,24.95484,254.3090906,428000000.0,16904466.0
1992,SAU,23.38595,235.099062,442000000.0,16950363.0
1993,SAU,20.01414,245.2945399,433000000.0,17496300.0
1994,SAU,18.26323,257.6018181,428000000.0,18037523.0
1995,SAU,19.09535,259.9174439,428000000.0,18501891.0
1996,SAU,22.48449,282.4643271,436000000.0,18968448.0
1997,SAU,20.3782,296.5387935,444000000.0,19455598.0
1998,SAU,13.61725,247.9358663,444000000.0,19916108.0
1999,SAU,18.55794,221.3502962,412000000.0,20181739.0
2000,SAU,28.50001,304.1989289,441000000.0,20670953.0
2001,SAU,23.698,376.0325941,400000000.0,21118863.0
2002,SAU,23.71533,395.9557245,380000000.0,21592026.0
2003,SAU,26.54107,448.0725226,437000000.0,22098516.0
2004,SAU,34.29882,504.4114411,453000000.0,22584023.0
2005,SAU,47.25731,536.6710794,476000000.0,23128115.0
2006,SAU,55.369,560.7503596,456000000.0,23118864.0
2007,SAU,60.11999161,549.4034111,434331041.1,24236361.0
2008,SAU,77.78562545,569.9862479,461210298.3,24807000.0
2009,SAU,49.50098024,591.1628203,410855600.0,26809105.0
2010,SAU,62.7780519,640.1130281,443220000.0,27448086.0
2011,SAU,85.17070839,675.7371686,471026136.8,28082541.0
2012,SAU,83.75446549,733.7253529,489649655.5,28287855.0
2013,SAU,80.31953005,752.8568357,482718903.9,28828870.0
1980,SYR,75.97401,2.764427193,9198000.0,8978447.0
1981,SYR,67.14143,3.297805621,9493000.0,9323124.0
1982,SYR,58.02282,3.314791079,9010000.0,9677210.0
1983,SYR,50.38642,3.320044314,9359000.0,10051508.0
1984,SYR,45.81844,3.481143511,9417000.0,10455167.0
1985,SYR,43.43477,3.502156449,9236000.0,10841860.0
1986,SYR,22.21579,3.196067976,9267000.0,11269027.0
1987,SYR,27.45986,18.43885371,11500000.0,11644812.0
1988,SYR,21.41834,18.56142918,13400000.0,12037025.0
1989,SYR,24.86816,19.12177421,16900000.0,12461577.0
1990,SYR,30.875,20.15464907,20200000.0,12834370.0
1991,SYR,24.95484,20.25296528,23500000.0,13232234.0
1992,SYR,23.38595,20.82647212,25800000.0,13601913.0
1993,SYR,20.01414,21.41636386,28300000.0,14002494.0
1994,SYR,18.26323,21.98987072,28200000.0,14372844.0
1995,SYR,19.09535,17.0085566,29900000.0,14757885.0
1996,SYR,22.48449,23.26796902,29400000.0,15147296.0
1997,SYR,20.3782,26.38129036,28900000.0,15547877.0
1998,SYR,13.61725,34.14820328,28800000.0,15954950.0
1999,SYR,18.55794,36.3439131,29000000.0,16378697.0
2000,SYR,28.50001,33.76726716,27600000.0,16822556.0
2001,SYR,23.698,47.03705957,24100000.0,17242823.0
2002,SYR,23.71533,59.37356749,23500000.0,17681392.0
2003,SYR,26.54107,62.01239271,23100000.0,18140949.0
2004,SYR,34.29882,63.99151162,22200000.0,18595290.0
2005,SYR,47.25731,55.41532965,21500000.0,19048533.0
2006,SYR,55.369,57.06459542,20200000.0,18987696.0
2007,SYR,60.11999161,56.07503596,18924000.0,20082697.0
2008,SYR,77.78562545,55.41532965,18391070.28,20581290.0
2009,SYR,49.50098024,59.63745001,18326588.24,20038112.0
2010,SYR,62.7780519,66.43242495,18282988.34,20446609.0
2011,SYR,85.17070839,73.29337053,14950232.9,20820311.0
2012,SYR,83.75446549,19.721920465,7232429.598,22399254.0
2013,SYR,80.31953005,34.96443419,2890583.232,22845550.0
1980,TUR,75.97401,0.151118051,2330000.0,44390478.0
1981,TUR,67.14143,0.106290448,2363000.0,45660924.0
1982,TUR,58.02282,0.264763028,2333000.0,46600190.0
1983,TUR,50.38642,0.049555514,2203000.0,47901070.0
1984,TUR,45.81844,0.260910656,2087000.0,49088199.0
1985,TUR,43.43477,0.447750702,2110000.0,50256056.0
1986,TUR,22.21579,3.008877713,2394000.0,51427618.0
1987,TUR,27.45986,1.981169903,2630000.0,52524641.0
1988,TUR,21.41834,0.664008863,2564000.0,53668055.0
1989,TUR,24.86816,1.053098444,2876000.0,54879981.0
1990,TUR,30.875,1.228941754,3712000.0,56152584.0
1991,TUR,24.95484,1.147012241,5189000.0,57268133.0
1992,TUR,23.38595,1.130627433,5199000.0,58373705.0
1993,TUR,20.01414,1.21255686,4887000.0,59525446.0
1994,TUR,18.26323,1.163398845,4332000.0,60628039.0
1995,TUR,19.09535,1.097854225,4231000.0,61777291.0
1996,TUR,22.48449,1.327257785,4170000.0,62871289.0
1997,TUR,20.3782,1.327257785,3789000.0,63974738.0
1998,TUR,13.61725,1.44195871,3898000.0,65229518.0
1999,TUR,18.55794,1.327257785,3941000.0,66256294.0
2000,TUR,28.50001,4.285588847,3662000.0,67399748.0
2001,TUR,23.698,2.084671925,2390400.0,68579195.0
2002,TUR,23.71533,2.520078087,2324363.706,69659780.0
2003,TUR,26.54107,3.707549436,2249459.028,70741150.0
2004,TUR,34.29882,4.545377378,2112554.346,71137003.0
2005,TUR,47.25731,5.937356749,2174827.254,72011150.0
2006,TUR,55.369,5.990133253,2099513.22,72071761.0
2007,TUR,60.11999161,5.910968496,2041936.452,73003736.0
2008,TUR,77.78562545,6.735602312,2070918.06,73914260.0
2009,TUR,49.50098024,4.716901018,2301032.904,71846212.0
2010,TUR,62.7780519,4.518989126,2407182.102,72752325.0
2011,TUR,85.17070839,5.026962047,2277702.102,73639596.0
2012,TUR,83.75446549,4.16934385,2228890.134,73997128.0
2013,TUR,80.31953005,3.542623794,2302943.232,74932641.0
1980,TWN,75.97401,12.8896319,248875.3,17893023.0
1981,TWN,67.14143,11.02156931,149325.2,18172495.0
1982,TWN,58.02282,8.966700456,149325.2,18491178.0
1983,TWN,50.38642,8.966700456,149325.2,18812521.0
1984,TWN,45.81844,9.153506715,149325.2,19094284.0
1985,TWN,43.43477,8.219475418,99550.1,19332840.0
1986,TWN,22.21579,7.47225038,99550.1,19534425.0
1987,TWN,27.45986,7.659056639,149325.2,19778442.0
1988,TWN,21.41834,8.406281677,99550.1,19930855.0
1989,TWN,24.86816,9.340312975,99550.1,20258990.0
1990,TWN,30.875,7.45461,149325.2,20274060.0
1991,TWN,24.95484,6.122016,111844.5,20526175.0
1992,TWN,23.38595,5.752584,99550.1,20721132.0
1993,TWN,20.01414,5.449122,56146.26,20883470.0
1994,TWN,18.26323,5.719599,64707.57,21087871.0
1995,TWN,19.09535,5.864733,60725.56,21282828.0
1996,TWN,22.48449,5.765778,60725.56,21422249.0
1997,TWN,20.3782,5.600853,49775.05,21628604.0
1998,TWN,13.61725,5.73939,46290.8,21823026.0
1999,TWN,18.55794,5.594256,39820.04,21993466.0
2000,TWN,28.50001,4.894974,36733.99,22151240.0
2001,TWN,23.698,5.607503596,39840.0,22303702.0
2002,TWN,23.71533,6.13526864,43824.0,22454240.0
2003,TWN,26.54107,5.475562335,45816.0,22603001.0
2004,TWN,34.29882,5.607503596,39840.0,22649816.0
2005,TWN,47.25731,5.277650443,39840.0,22685798.0
2006,TWN,55.369,2.836737113,39840.0,22729626.0
2007,TWN,60.11999161,2.750976228,39840.0,22858872.0
2008,TWN,77.78562545,2.374942699,39840.0,22920946.0
2009,TWN,49.50098024,2.308972069,39840.0,23025609.33
2010,TWN,62.7780519,1.979118916,39840.0,23130272.67
2011,TWN,85.17070839,2.045089547,39840.0,23071779.0
2012,TWN,83.75446549,2.619034966,9760.8,23234936.0
2013,TWN,80.31953005,2.262793562,9760.8,23299716.0
1980,USA,75.97401,4143.874086,424000000.0,227308635.0
1981,USA,67.14143,4094.458659,422000000.0,229572929.0
1982,USA,58.02282,3836.892563,426000000.0,231963388.0
1983,USA,50.38642,3540.750213,428000000.0,233928707.0
1984,USA,45.81844,3844.404688,438000000.0,235760304.0
1985,USA,43.43477,3726.487081,441000000.0,237623762.0
1986,USA,22.21579,3892.927066,428000000.0,240540307.0
1987,USA,27.45986,4089.625683,467000000.0,242317307.0
1988,USA,21.41834,4262.334528,459000000.0,243618646.0
1989,USA,24.86816,4263.577794,429000000.0,246872413.0
1990,USA,30.875,3140.945784,417000000.0,250407413.0
1991,USA,24.95484,3381.156244,423000000.0,252544251.0
1992,USA,23.38595,3393.465623,413000000.0,256201909.0
1993,USA,20.01414,3442.024423,397000000.0,259144625.0
1994,USA,18.26323,3580.123557,388000000.0,262712183.0
1995,USA,19.09535,3537.893855,384000000.0,266226548.0
1996,USA,22.48449,3586.400122,382000000.0,270613955.0
1997,USA,20.3782,3595.532345,380000000.0,271924005.0
1998,USA,13.61725,3558.629422,368000000.0,275784706.0
1999,USA,18.55794,3549.879635,353000000.0,279091309.0
2000,USA,28.50001,3674.952848,353000000.0,281499615.0
2001,USA,23.698,4576.940164,289000000.0,285204873.0
2002,USA,23.71533,4472.328658,286000000.0,287860013.0
2003,USA,26.54107,4505.580173,283000000.0,291540755.0
2004,USA,34.29882,4477.74604,270000000.0,293911642.0
2005,USA,47.25731,4381.914429,258000000.0,296184830.0
2006,USA,55.369,4396.485317,254000000.0,295986698.0
2007,USA,60.11999161,4607.389584,252199479.7,301580000.0
2008,USA,77.78562545,4811.008407,246525783.6,304375000.0
2009,USA,49.50098024,4890.027455,266954742.1,306771529.0
2010,USA,62.7780519,5013.13278,272840010.5,309349689.0
2011,USA,85.17070839,5320.055464,281238473.2,311591917.0
2012,USA,83.75446549,5518.630518,323535496.7,314112078.0
2013,USA,80.31953005,5605.121816,370586222.4,316497531.0
1980,VEN,75.97401,275.4848795,115000000.0,15100672.0
1981,VEN,67.14143,269.5154539,112000000.0,15571571.0
1982,VEN,58.02282,258.4416352,100000000.0,16037965.0
1983,VEN,50.38642,246.863506,94500000.0,16513087.0
1984,VEN,45.81844,253.1411214,94900000.0,16991773.0
1985,VEN,43.43477,256.4208909,88200000.0,17477526.0
1986,VEN,22.21579,281.9043323,93900000.0,17951827.0
1987,VEN,27.45986,113.616471,98600000.0,18342234.0
1988,VEN,21.41834,116.0598362,103000000.0,18788791.0
1989,VEN,24.86816,119.1140424,104000000.0,19306268.0
1990,VEN,30.875,134.3850756,116000000.0,19751313.0
1991,VEN,24.95484,174.6112167,129000000.0,20229436.0
1992,VEN,23.38595,167.6496301,130000000.0,20650817.0
1993,VEN,20.01414,250.5015461,134000000.0,21075973.0
1994,VEN,18.26323,282.2941223,142000000.0,21557919.0
1995,VEN,19.09535,284.794662,152000000.0,22031032.0
1996,VEN,22.48449,306.2677841,162000000.0,22472572.0
1997,VEN,20.3782,339.5249622,171000000.0,22952239.0
1998,VEN,13.61725,212.31053,181000000.0,23436827.0
1999,VEN,18.55794,196.4877872,167000000.0,23910403.0
2000,VEN,28.50001,170.424706,172000000.0,24325283.0
2001,VEN,23.698,411.4588227,150000000.0,24774967.0
2002,VEN,23.71533,408.8859681,130000000.0,25208586.0
2003,VEN,26.54107,346.3458103,116000000.0,25682251.0
2004,VEN,34.29882,378.6714193,127000000.0,26111796.0
2005,VEN,47.25731,381.3102445,128000000.0,26580877.0
2006,VEN,55.369,349.6443419,125000000.0,26575750.0
2007,VEN,60.11999161,472.49485,121145277.8,27483000.0
2008,VEN,77.78562545,474.8434045,119222016.2,27935000.0
2009,VEN,49.50098024,476.1100406,111524712.1,28384000.0
2010,VEN,62.7780519,468.8862575,106858520.3,28834000.0
2011,VEN,85.17070839,483.3931982,111552000.0,29278000.0
2012,VEN,83.75446549,501.1656861,124500000.0,29954782.0
2013,VEN,80.31953005,504.2794998,124500000.0,30405207.0
