Date,TCI
2015/10/9,13.96401024
2015/10/12,66.18126714
2015/10/13,69.36741163
2015/10/14,69.87907743
2015/10/15,70.07832302
2015/10/16,70.79531056
2015/10/19,70.34220231
2015/10/20,72.87981921
2015/10/21,73.52075257
2015/10/22,74.23554662
2015/10/23,75.90343544
2015/10/26,74.07182709
2015/10/27,76.62777221
2015/10/28,75.77770065
2015/10/29,75.4881111
2015/10/30,75.82643893
2015/11/2,76.50190673
2015/11/3,77.10563461
2015/11/4,77.52202217
2015/11/5,77.28118493
2015/11/6,76.26421537
2015/11/9,77.06036795
2015/11/10,77.60539591
2015/11/11,77.52700523
2015/11/12,77.74047067
2015/11/13,78.46813917
2015/11/16,78.70333955
2015/11/17,78.81941173
2015/11/18,78.91866324
2015/11/19,77.85028692
2015/11/20,79.73687396
2015/11/23,80.11880246
2015/11/24,78.67833382
2015/11/25,78.03107452
2015/11/27,78.06794185
2015/11/30,78.1569
2015/12/1,78.30414271
2015/12/2,78.44988483
2015/12/3,78.70695016
2015/12/4,78.77270997
2015/12/7,78.6934006
2015/12/8,78.81517313
2015/12/9,79.09808021
2015/12/10,80.08544891
2015/12/11,81.08934464
2015/12/14,82.52735139
2015/12/15,82.53708254
2015/12/16,82.57662031
2015/12/17,82.65003487
2015/12/18,82.66745497
2015/12/21,82.56919102
2015/12/22,82.63530151
2015/12/23,82.6219878
2015/12/24,82.63187049
2015/12/28,79.80654452
2015/12/29,78.7132407
2015/12/30,78.46941931
2015/12/31,77.20550016
2016/1/4,77.28163616
2016/1/5,77.68920764
2016/1/6,77.54023726
2016/1/7,77.13693268
2016/1/8,77.55247317
2016/1/11,76.43496783
2016/1/12,78.64486543
2016/1/13,78.28375852
2016/1/14,81.61377578
2016/1/15,82.02551332
2016/1/19,82.09509513
2016/1/20,82.07173892
2016/1/21,81.11143799
2016/1/22,81.96005186
2016/1/25,81.69695216
2016/1/26,81.14914663
2016/1/27,80.16910902
2016/1/28,78.52862002
2016/1/29,71.55713462
2016/2/1,75.408524
2016/2/2,80.07923455
2016/2/3,79.22069943
2016/2/4,79.65145709
2016/2/5,72.95025074
2016/2/8,71.87892245
2016/2/9,72.11325793
2016/2/10,72.26457006
2016/2/11,72.74184236
2016/2/12,73.70767512
2016/2/16,74.79896458
2016/2/17,74.13605446
2016/2/18,75.21835175
2016/2/19,76.08927767
2016/2/22,75.70199851
2016/2/23,76.01893719
2016/2/24,76.27402912
2016/2/25,75.82207773
2016/2/26,75.59713667
2016/2/29,75.84213254
2016/3/1,75.70196293
2016/3/2,75.46905143
2016/3/3,75.32066198
2016/3/4,76.03004845
2016/3/7,76.60174037
2016/3/8,76.44504322
2016/3/9,77.37369009
2016/3/10,77.34226442
2016/3/11,77.55177273
2016/3/14,76.66242767
2016/3/15,78.19163746
2016/3/16,78.85605555
2016/3/17,77.13969722
2016/3/18,73.27428625
2016/3/21,73.73288228
2016/3/22,72.58381221
2016/3/23,75.14768737
2016/3/24,75.67220718
2016/3/28,75.50405164
2016/3/29,75.91794362
2016/3/30,75.40936724
2016/3/31,74.79076312
2016/4/1,75.00854293
2016/4/4,75.01056863
2016/4/5,74.81517152
2016/4/6,74.97199561
2016/4/7,74.69139424
2016/4/8,70.43712561
2016/4/11,58.66808398
2016/4/12,58.36537163
2016/4/13,58.27730065
2016/4/14,58.83196039
2016/4/15,59.27471907
2016/4/18,58.2314136
2016/4/19,57.80257036
2016/4/20,58.4491565
2016/4/21,57.93734386
2016/4/22,57.49915252
2016/4/25,57.88499076
2016/4/26,57.79841487
2016/4/27,57.27474651
2016/4/28,58.9359359
2016/4/29,58.49727149
2016/5/2,58.76863865
2016/5/3,58.66813546
2016/5/4,58.10502641
2016/5/5,58.79782754
2016/5/6,58.62026697
2016/5/9,58.15411046
2016/5/10,58.39489259
2016/5/11,59.25764682
2016/5/12,59.93483425
2016/5/13,60.13706074
2016/5/16,60.40234572
2016/5/17,61.29230607
2016/5/18,62.38622371
2016/5/19,60.61300855
2016/5/20,60.97470317
2016/5/23,60.44211915
2016/5/24,60.26973934
2016/5/25,60.48600698
2016/5/26,60.93945857
2016/5/27,60.73897118
2016/5/31,60.23984216
2016/6/1,58.0720768
2016/6/2,58.51949398
2016/6/3,58.24134836
2016/6/6,56.72445211
2016/6/7,54.78963773
2016/6/8,55.35717024
2016/6/9,52.77309692
2016/6/10,53.73703969
2016/6/13,54.04068119
2016/6/14,55.00649124
2016/6/15,56.54718735
2016/6/16,55.49028686
2016/6/17,55.52713153
2016/6/20,55.46235016
2016/6/21,52.91755365
2016/6/22,54.15966227
2016/6/23,53.96653756
2016/6/24,52.39674301
2016/6/27,52.20784003
2016/6/28,52.53227157
2016/6/29,49.39420782
2016/6/30,49.44703595
2016/7/1,49.62279987
2016/7/5,46.53837355
2016/7/6,46.53021029
2016/7/7,46.18121912
2016/7/8,45.96352409
2016/7/11,45.7380824
2016/7/12,46.06215054
2016/7/13,46.29844854
2016/7/14,46.84204179
2016/7/15,47.22601166
2016/7/18,47.5321011
2016/7/19,47.49110652
2016/7/20,48.77125865
2016/7/21,46.87462395
2016/7/22,48.40926842
2016/7/25,48.21569627
2016/7/26,47.99769115
2016/7/27,47.69249061
2016/7/28,48.31962279
2016/7/29,47.73399435
2016/8/1,46.94946502
2016/8/2,46.49622108
2016/8/3,46.22950827
2016/8/4,45.70030758
2016/8/5,45.76987384
2016/8/8,45.52850185
2016/8/9,45.41913001
2016/8/10,45.26732591
2016/8/11,45.12891166
2016/8/12,45.1666658
2016/8/15,45.00593574
2016/8/16,44.9379262
2016/8/17,44.94558981
2016/8/18,43.736509
2016/8/19,43.6022645
2016/8/22,43.54800513
2016/8/23,43.30810855
2016/8/24,43.05504937
2016/8/25,42.98047556
2016/8/26,42.97678128
2016/8/29,42.88776123
2016/8/30,40.6674892
2016/8/31,41.32227546
2016/9/1,40.46069822
2016/9/2,39.37750226
2016/9/6,37.67900737
2016/9/7,38.67141037
2016/9/8,39.24749224
2016/9/9,38.70666166
2016/9/12,39.41369766
2016/9/13,39.08683267
2016/9/14,38.8408335
2016/9/15,38.72629847
2016/9/16,38.41652027
2016/9/19,37.99749948
2016/9/20,38.25710482
2016/9/21,37.26025085
2016/9/22,34.81206466
2016/9/23,33.62785767
2016/9/26,33.93756946
2016/9/27,33.47903067
2016/9/28,33.8199718
2016/9/29,33.09751288
2016/9/30,31.96392358
2016/10/3,31.73984836
2016/10/4,30.63475625
2016/10/5,30.93281539
2016/10/6,30.99901104
2016/10/7,32.99523401
2016/10/10,35.12190948
2016/10/11,35.33242059
2016/10/12,35.23519809
2016/10/13,34.89723679
2016/10/14,34.75263461
2016/10/17,34.34555049
2016/10/18,34.44831422
2016/10/19,34.70686376
2016/10/20,34.5509969
2016/10/21,35.13997932
2016/10/24,34.78702141
2016/10/25,34.64375699
2016/10/26,33.85925301
2016/10/27,34.4307599
2016/10/28,33.32136647
2016/10/31,33.36175476
2016/11/1,33.96823203
2016/11/2,36.1976643
2016/11/3,35.56042939
2016/11/4,35.67240413
2016/11/7,35.84525315
2016/11/8,36.2778939
2016/11/9,36.3842087
2016/11/10,37.31220019
2016/11/11,38.13796221
2016/11/14,35.61814222
2016/11/15,35.38622465
2016/11/16,34.62282153
2016/11/17,36.15080912
2016/11/18,36.74301013
2016/11/21,36.15575745
2016/11/22,36.25759697
2016/11/23,36.47438104
2016/11/25,26.98213165
2016/11/28,27.53939034
2016/11/29,27.63118444
2016/11/30,28.12103356
2016/12/1,27.84130905
2016/12/2,25.92274617
2016/12/5,33.68822388
2016/12/6,34.55526064
2016/12/7,30.63577886
2016/12/8,30.05406704
2016/12/9,25.95197684
2016/12/12,25.69173242
2016/12/13,25.47781259
2016/12/14,26.16448497
2016/12/15,26.6718877
2016/12/16,27.49237503
2016/12/19,26.90753032
2016/12/20,26.43052231
2016/12/21,27.47810075
2016/12/22,27.24542603
2016/12/23,29.17406024
2016/12/27,27.89553964
2016/12/28,25.38263653
2016/12/29,24.79233413
2016/12/30,24.27946503
2017/1/3,24.11306231
2017/1/4,24.40217552
2017/1/5,24.55849233
2017/1/6,24.21462519
2017/1/9,23.89127705
2017/1/10,22.84230608
2017/1/11,22.0896276
2017/1/12,23.44541431
2017/1/13,23.41866426
2017/1/17,23.21839876
2017/1/18,23.57813708
2017/1/19,24.58822944
2017/1/20,25.73278994
2017/1/23,26.15934204
2017/1/24,27.84847907
2017/1/25,29.9164922
2017/1/26,29.95913827
2017/1/27,30.29740661
2017/1/30,30.95020059
2017/1/31,33.57913384
2017/2/1,33.31476365
2017/2/2,32.63829936
2017/2/3,33.12107209
2017/2/6,33.11221823
2017/2/7,35.55133061
2017/2/8,35.01487271
2017/2/9,34.30472062
2017/2/10,33.96971274
2017/2/13,33.93034053
2017/2/14,33.43283244
2017/2/15,33.02617435
2017/2/16,31.85619439
2017/2/17,31.66401357
2017/2/21,31.65421979
2017/2/22,32.35944692
2017/2/23,32.43455376
2017/2/24,32.14561739
2017/2/27,31.05364228
2017/2/28,31.42013415
2017/3/1,32.0001118
2017/3/2,31.3441952
2017/3/3,31.54313063
2017/3/6,31.47924784
2017/3/7,30.30469127
2017/3/8,31.26001583
2017/3/9,31.12677083
2017/3/10,30.1612854
2017/3/13,28.94482503
2017/3/14,27.35489565
2017/3/15,27.46270464
2017/3/16,26.64701758
2017/3/17,26.93416497
2017/3/20,28.31262521
2017/3/21,29.01848058
2017/3/22,28.65855998
2017/3/23,29.15837701
2017/3/24,29.3774522
2017/3/27,28.99168285
2017/3/28,30.64275443
2017/3/29,29.7102684
2017/3/30,28.10825935
2017/3/31,28.42421118
2017/4/3,27.71609665
2017/4/4,28.13951085
2017/4/5,27.62775076
2017/4/6,27.52726584
2017/4/7,27.65649234
2017/4/10,27.44605223
2017/4/11,26.27597784
2017/4/12,27.8578517
2017/4/13,29.06250864
2017/4/17,28.61713152
2017/4/18,27.53887718
2017/4/19,28.14542552
2017/4/20,27.84533451
2017/4/21,27.11597793
2017/4/24,27.07257785
2017/4/25,27.64295529
2017/4/26,27.75853544
2017/4/27,27.59543116
2017/4/28,27.51974343
2017/5/1,27.29770822
2017/5/2,27.10855111
2017/5/3,27.83200423
2017/5/4,27.81260493
2017/5/5,29.79352214
2017/5/8,28.32866695
2017/5/9,27.74904005
2017/5/10,30.4576848
2017/5/11,31.98557815
2017/5/12,31.33148177
2017/5/15,29.87380342
2017/5/16,29.079166
2017/5/17,28.60856466
2017/5/18,28.17483205
2017/5/19,30.27716871
2017/5/22,32.20319983
2017/5/23,31.41966985
2017/5/24,31.1893484
2017/5/25,31.26262878
2017/5/26,30.46421
2017/5/30,30.11358655
2017/5/31,30.42551455
2017/6/1,30.86761464
2017/6/2,30.27065192
2017/6/5,29.89928174
2017/6/6,30.03691575
2017/6/7,31.28046361
2017/6/8,30.66250938
2017/6/9,31.85656979
2017/6/12,32.12543071
2017/6/13,33.03903304
2017/6/14,30.91616664
2017/6/15,32.33203819
2017/6/16,31.87557396
2017/6/19,31.70286663
2017/6/20,32.47459695
2017/6/21,31.45083749
2017/6/22,31.22038737
2017/6/23,30.16774343
2017/6/26,29.21693921
2017/6/27,27.9026483
2017/6/28,28.18324677
2017/6/29,27.8294994
2017/6/30,28.81381035
2017/7/3,28.87949893
2017/7/5,28.00014701
2017/7/6,27.65993439
2017/7/7,27.21355442
2017/7/10,27.15248954
2017/7/11,27.20972561
2017/7/12,26.98721334
2017/7/13,27.59295477
2017/7/14,27.38517548
2017/7/17,26.92646391
2017/7/18,26.83733992
2017/7/19,26.61473407
2017/7/20,26.1787347
2017/7/21,26.81453416
2017/7/24,25.60203832
2017/7/25,24.69911902
2017/7/26,24.72668463
2017/7/27,24.05499349
2017/7/28,24.6840925
2017/7/31,24.44955017
2017/8/1,22.8081647
2017/8/2,22.78230417
2017/8/3,23.67308496
2017/8/4,23.93383683
2017/8/7,23.19440742
2017/8/8,23.02366077
2017/8/9,23.07936729
2017/8/10,22.5132085
2017/8/11,20.63703983
2017/8/14,20.48744023
2017/8/15,20.4419606
2017/8/16,21.38177017
2017/8/17,21.98233999
2017/8/18,21.89511462
2017/8/21,23.06543222
2017/8/22,25.43162712
2017/8/23,26.41235291
2017/8/24,27.0772879
2017/8/25,26.94484194
2017/8/28,25.34986949
2017/8/29,24.31808293
2017/8/30,24.74198702
2017/8/31,25.56227022
2017/9/1,25.48937738
2017/9/5,24.64703246
2017/9/6,23.01713384
2017/9/7,23.46783125
2017/9/8,23.18083968
2017/9/11,22.46194651
2017/9/12,22.46086757
2017/9/13,22.85048182
2017/9/14,23.85238447
2017/9/15,23.83904792
2017/9/18,34.19300039
2017/9/19,39.29289469
2017/9/20,38.85469715
2017/9/21,36.5007222
2017/9/22,36.63541558
2017/9/25,34.94754959
2017/9/26,34.70731139
2017/9/27,33.27071896
2017/9/28,34.19125501
2017/9/29,33.95103884
2017/10/2,33.46988167
2017/10/3,30.71757106
2017/10/4,30.39767943
2017/10/5,29.79644588
2017/10/6,30.01492406
2017/10/9,29.80105
2017/10/10,28.6897482
2017/10/11,28.25068208
2017/10/12,26.85601111
2017/10/13,24.73247125
2017/10/16,24.95833137
2017/10/17,24.83982466
2017/10/18,27.07268901
2017/10/19,26.41250743
2017/10/20,24.22842424
2017/10/23,23.12182241
2017/10/24,22.67844444
2017/10/25,23.36127398
2017/10/26,22.7485544
2017/10/27,22.97369483
2017/10/30,21.91532009
2017/10/31,22.40371805
2017/11/1,22.41555278
2017/11/2,21.40174684
2017/11/3,21.75145295
2017/11/6,20.98204284
2017/11/7,21.96850569
2017/11/8,21.87394523
2017/11/9,21.85851621
2017/11/10,21.79207243
2017/11/13,21.06399378
2017/11/14,19.16654052
2017/11/15,18.02605509
2017/11/16,18.21720457
2017/11/17,19.0312052
2017/11/20,19.96738216
2017/11/21,19.47073009
2017/11/22,20.19780409
2017/11/24,27.05545533
2017/11/27,29.38684624
2017/11/28,26.700206
2017/11/29,27.03132545
2017/11/30,24.70864881
2017/12/1,24.6548722
2017/12/4,24.25867454
2017/12/5,23.31788346
2017/12/6,23.28526511
2017/12/7,22.30936404
2017/12/8,22.44150016
2017/12/11,23.24959011
2017/12/12,23.02071795
2017/12/13,20.17320862
2017/12/14,21.46974474
2017/12/15,22.77979217
2017/12/18,21.03594169
2017/12/19,19.83572357
2017/12/20,20.79256163
2017/12/21,20.24844629
2017/12/22,20.00726055
2017/12/26,23.10825479
2017/12/27,21.34311013
2017/12/28,20.58033321
2017/12/29,20.33645979
2018/1/2,20.21295478
2018/1/3,19.93778573
2018/1/4,20.63794825
2018/1/5,21.36772012
2018/1/8,21.59049237
2018/1/9,20.63419001
2018/1/10,21.07406092
2018/1/11,20.04981849
2018/1/12,20.73010158
2018/1/16,20.96669685
2018/1/17,20.66298006
2018/1/18,22.23935458
2018/1/19,21.89390996
2018/1/22,21.41968371
2018/1/23,21.5704398
2018/1/24,21.24480375
2018/1/25,20.82558113
2018/1/26,20.24591202
2018/1/29,19.68745033
2018/1/30,20.26729563
2018/1/31,21.67500966
2018/2/1,23.89994355
2018/2/2,24.15379222
2018/2/5,23.07766266
2018/2/6,22.24111828
2018/2/7,23.63753569
2018/2/8,22.7102593
2018/2/9,23.26070648
2018/2/12,22.9047819
2018/2/13,23.85809988
2018/2/14,23.89602017
2018/2/15,22.5133002
2018/2/16,21.81672439
2018/2/20,21.55653018
2018/2/21,20.73513295
2018/2/22,22.17103663
2018/2/23,21.90537751
2018/2/26,21.28972748
2018/2/27,21.59713305
2018/2/28,20.19592158
2018/3/1,19.81776598
2018/3/2,19.34003375
2018/3/5,19.45166538
2018/3/6,19.27773589
2018/3/7,18.821584
2018/3/8,18.410596
2018/3/9,18.66630697
2018/3/12,18.48194855
2018/3/13,17.91078524
2018/3/14,18.70563255
2018/3/15,20.66598482
2018/3/16,20.33988536
2018/3/19,19.88756597
2018/3/20,20.12275847
2018/3/21,20.13067939
2018/3/22,20.27948711
2018/3/23,21.23335461
2018/3/26,21.02683221
2018/3/27,19.57322549
2018/3/28,20.12347696
2018/3/29,19.14720582
2018/4/2,20.11343454
2018/4/3,20.06776332
2018/4/4,19.59259202
2018/4/5,20.37399943
2018/4/6,20.64125191
2018/4/9,21.22822845
2018/4/10,22.32658504
2018/4/11,22.79111836
2018/4/12,21.38723435
2018/4/13,22.51455413
2018/4/16,20.43007913
2018/4/17,19.64911966
2018/4/18,19.03416465
2018/4/19,16.49225086
2018/4/20,13.44151626
2018/4/23,13.40523906
2018/4/24,14.23012565
2018/4/25,14.11173638
2018/4/26,14.36905945
2018/4/27,13.92668018
2018/4/30,13.7809532
2018/5/1,13.05661316
2018/5/2,19.91920457
2018/5/3,19.82277351
2018/5/4,21.40044174
2018/5/7,20.545811
2018/5/8,20.04803926
2018/5/9,22.6676067
2018/5/10,22.19467959
2018/5/11,22.53977896
2018/5/14,20.56273438
2018/5/15,19.94294768
2018/5/16,19.70852726
2018/5/17,23.56926815
2018/5/18,24.12140461
2018/5/21,23.98267207
2018/5/22,25.59639244
2018/5/23,26.40840694
2018/5/24,26.84617436
2018/5/25,26.79434579
2018/5/29,28.56212969
2018/5/30,28.36869104
2018/5/31,31.39206878
2018/6/1,32.46699525
2018/6/4,34.33955777
2018/6/5,32.37583754
2018/6/6,31.22193178
2018/6/7,28.62945719
2018/6/8,28.76828915
2018/6/11,28.68415119
2018/6/12,28.54378707
2018/6/13,27.41245078
2018/6/14,27.24781238
2018/6/15,27.59634207
2018/6/18,27.24530731
2018/6/19,26.22196053
2018/6/20,24.62700102
2018/6/21,25.64271829
2018/6/22,25.52475216
2018/6/25,25.62348513
2018/6/26,25.29082784
2018/6/27,25.61663799
2018/6/28,25.23432818
2018/6/29,25.25759119
2018/7/2,25.75586046
2018/7/3,24.97486445
2018/7/5,24.45744017
2018/7/6,24.48823205
2018/7/9,24.43051401
2018/7/10,23.19464632
2018/7/11,22.96706586
2018/7/12,21.86642435
2018/7/13,22.56291001
2018/7/16,24.40999897
2018/7/17,24.10596224
2018/7/18,22.43087166
2018/7/19,22.07783656
2018/7/20,22.85208887
2018/7/23,23.66096123
2018/7/24,25.34941606
2018/7/25,25.07652704
2018/7/26,24.18837456
2018/7/27,24.90269134
2018/7/30,24.8348153
2018/7/31,26.04631556
2018/8/1,26.77932812
2018/8/2,24.73977507
2018/8/3,23.73831181
2018/8/6,25.75235303
2018/8/7,28.00908267
2018/8/8,28.19707471
2018/8/9,26.50732808
2018/8/10,26.78457135
2018/8/13,26.79554431
2018/8/14,27.62047555
2018/8/15,26.44222664
2018/8/16,26.37201414
2018/8/17,27.30596249
2018/8/20,26.47378836
2018/8/21,26.9477753
2018/8/22,27.85733388
2018/8/23,27.04699021
2018/8/24,26.3181974
2018/8/27,26.95077698
2018/8/28,27.80041932
2018/8/29,28.19192574
2018/8/30,28.50727824
2018/8/31,28.54565553
2018/9/4,29.57319724
2018/9/5,29.13166957
2018/9/6,30.37830618
2018/9/7,30.40989386
2018/9/10,31.24063335
2018/9/11,32.38475461
2018/9/12,32.7357614
2018/9/13,30.75564176
2018/9/14,29.12871891
2018/9/17,29.30606038
2018/9/18,28.66887451
2018/9/19,27.99620043
2018/9/20,28.62896989
2018/9/21,27.59142652
2018/9/24,27.97317973
2018/9/25,29.52290913
2018/9/26,26.04827516
2018/9/27,27.29719357
2018/9/28,27.19348148
2018/10/1,24.97569426
2018/10/2,25.14962688
2018/10/3,25.17396873
2018/10/4,24.43954907
2018/10/5,24.35678852
2018/10/8,25.24542582
2018/10/9,25.80173833
2018/10/10,24.45070403
2018/10/11,22.85646865
2018/10/12,23.77277172
2018/10/15,24.36907248
2018/10/16,25.66981158
2018/10/17,25.36222722
2018/10/18,25.18757756
2018/10/19,25.40934243
2018/10/22,27.43438493
2018/10/23,28.55384861
2018/10/24,26.74284794
2018/10/25,28.28730372
2018/10/26,29.56565029
2018/10/29,28.53826453
2018/10/30,29.40869341
2018/10/31,30.37142199
2018/11/1,31.44653017
2018/11/2,30.40613311
2018/11/5,30.70131435
2018/11/6,35.78065972
2018/11/7,34.43675009
2018/11/8,34.32200297
2018/11/9,35.19415956
2018/11/12,33.55537392
2018/11/13,34.0207679
2018/11/14,34.16793334
2018/11/15,40.14181443
2018/11/16,38.85665618
2018/11/19,48.01965894
2018/11/20,46.22200811
2018/11/21,47.29351843
2018/11/23,47.59628613
2018/11/26,47.80656591
2018/11/27,46.74576141
2018/11/28,46.64984632
2018/11/29,44.75323038
2018/11/30,43.52442196
2018/12/3,44.20318156
2018/12/4,44.80731359
2018/12/5,43.4623448
2018/12/6,43.18341933
2018/12/7,42.70720738
2018/12/10,42.93593216
2018/12/11,42.09807527
2018/12/12,41.47788541
2018/12/13,41.3156061
2018/12/14,41.29847616
2018/12/17,42.00013518
2018/12/18,41.4119757
2018/12/19,41.05879673
2018/12/20,40.89132249
2018/12/21,42.1948491
2018/12/24,40.24137025
2018/12/26,38.47244588
2018/12/27,38.09024158
2018/12/28,38.41160979
2018/12/31,36.71318965
2019/1/2,36.07014553
2019/1/3,35.90278634
2019/1/4,36.70471439
2019/1/7,36.37071256
2019/1/8,36.40974282
2019/1/9,36.62715927
2019/1/10,37.37540257
2019/1/11,37.62359224
2019/1/14,38.86444552
2019/1/15,39.60112223
2019/1/16,39.88562046
2019/1/17,39.25933711
2019/1/18,40.0638621
2019/1/22,39.74859
2019/1/23,40.21651292
2019/1/24,40.71579612
2019/1/25,42.18548431
2019/1/28,41.7509151
2019/1/29,40.97491304
2019/1/30,41.47560649
2019/1/31,42.21978867
2019/2/1,42.37495664
2019/2/4,43.95984506
2019/2/5,43.18786118
2019/2/6,42.98110618
2019/2/7,45.23666335
2019/2/8,48.03477632
2019/2/11,47.4056169
2019/2/12,46.95330749
2019/2/13,47.82067926
2019/2/14,46.67840784
2019/2/15,45.52905204
2019/2/19,45.65507363
2019/2/20,45.69271736
2019/2/21,46.43212375
2019/2/22,46.18364024
2019/2/25,46.39475955
2019/2/26,47.92864259
2019/2/27,48.09157139
2019/2/28,48.1343401
2019/3/1,48.10663428
2019/3/4,48.12317657
2019/3/5,47.84661048
2019/3/6,48.81139916
2019/3/7,49.92836142
2019/3/8,49.69580486
2019/3/11,50.96353684
2019/3/12,50.47739162
2019/3/13,50.83086919
2019/3/14,52.17521544
2019/3/15,54.18380016
2019/3/18,54.0206581
2019/3/19,53.98539426
2019/3/20,54.35407554
2019/3/21,53.85607652
2019/3/22,54.94154804
2019/3/25,53.01616659
2019/3/26,52.05926336
2019/3/27,52.82151372
2019/3/28,51.44485861
2019/3/29,52.75415562
2019/4/1,54.08890823
2019/4/2,53.87627333
2019/4/3,54.4558162
2019/4/4,54.65826135
2019/4/5,53.19964266
2019/4/8,52.22037487
2019/4/9,53.36470621
2019/4/10,52.28167448
2019/4/11,52.61151007
2019/4/12,52.27439938
2019/4/15,51.68825636
2019/4/16,51.36682391
2019/4/17,54.31348126
2019/4/18,54.20298173
2019/4/22,54.49769573
2019/4/23,54.3375838
2019/4/24,54.46215499
2019/4/25,54.10797536
2019/4/26,53.45171084
2019/4/29,52.99887886
2019/4/30,53.65245128
2019/5/1,53.94719174
2019/5/2,54.06703809
2019/5/3,54.36580315
2019/5/6,54.67601592
2019/5/7,53.65581458
2019/5/8,52.94474076
2019/5/9,53.13529777
2019/5/10,52.75706224
2019/5/13,52.81156015
2019/5/14,52.51344435
2019/5/15,52.88700414
2019/5/16,52.68389535
2019/5/17,53.41159937
2019/5/20,53.25954135
2019/5/21,54.47299257
2019/5/22,53.84438488
2019/5/23,52.88938784
2019/5/24,53.00974432
2019/5/28,53.10549479
2019/5/29,52.51693016
2019/5/30,52.7092023
2019/5/31,53.26921031
2019/6/3,53.81621752
2019/6/4,54.03535679
2019/6/5,54.70192203
2019/6/6,55.26074314
2019/6/7,56.54162468
2019/6/10,56.74706266
2019/6/11,56.64007679
2019/6/12,57.58300572
2019/6/13,57.79953935
2019/6/14,57.16063154
2019/6/17,57.93732576
2019/6/18,59.37864211
2019/6/19,60.44817551
2019/6/20,59.83951175
2019/6/21,60.01315359
2019/6/24,58.81647846
2019/6/25,59.03904358
2019/6/26,58.83219307
2019/6/27,57.20572879
2019/6/28,58.14884266
2019/7/1,58.23911366
2019/7/2,58.93794747
2019/7/3,59.10256177
2019/7/5,57.28222956
2019/7/8,56.46257721
2019/7/9,57.23813536
2019/7/10,56.09075321
2019/7/11,57.52128167
2019/7/12,57.48245005
2019/7/15,57.98880952
2019/7/16,60.18500956
2019/7/17,60.09039445
2019/7/18,60.50455637
2019/7/19,61.82319271
2019/7/22,60.05300055
2019/7/23,57.65228623
2019/7/24,59.08202498
2019/7/25,59.32992922
2019/7/26,59.23163442
2019/7/29,58.99155769
2019/7/30,58.62736601
2019/7/31,57.98001625
2019/8/1,58.21161381
2019/8/2,58.8187312
2019/8/5,58.43173721
2019/8/6,57.60053392
2019/8/7,58.08220957
2019/8/8,57.08537701
2019/8/9,56.91697283
2019/8/12,58.06396446
2019/8/13,58.50327334
2019/8/14,59.04910726
2019/8/15,57.45723326
2019/8/16,57.14355655
2019/8/19,56.68245657
2019/8/20,56.84207702
2019/8/21,58.69685002
2019/8/22,58.45509593
2019/8/23,58.63205456
2019/8/26,57.69924681
2019/8/27,58.44601311
2019/8/28,57.74817753
2019/8/29,55.43603831
2019/8/30,54.03870916
2019/9/3,52.36630472
2019/9/4,49.02117014
2019/9/5,47.50739327
2019/9/6,45.64481226
2019/9/9,41.06359422
2019/9/10,41.02755833
2019/9/11,41.10147633
2019/9/12,41.22363034
2019/9/13,41.19900952
2019/9/16,40.1038283
2019/9/17,40.48125327
2019/9/18,39.28321212
2019/9/19,39.65903282
2019/9/20,38.90174027
2019/9/23,40.0508796
2019/9/24,37.7339576
2019/9/25,38.24074179
2019/9/26,39.31099977
2019/9/27,39.0219318
2019/9/30,37.86629457
2019/10/1,38.77854692
2019/10/2,36.4878021
2019/10/3,36.56730237
2019/10/4,36.87897776
2019/10/7,37.18317163
2019/10/8,37.35671362
2019/10/9,38.02813442
2019/10/10,40.94143429
2019/10/11,41.92984492
2019/10/14,41.41428669
2019/10/15,41.38388199
2019/10/16,41.6392669
2019/10/17,41.33968553
2019/10/18,41.1718698
2019/10/21,41.82535345
2019/10/22,41.63628851
2019/10/23,41.90537829
2019/10/24,40.73189112
2019/10/25,39.20289619
2019/10/28,39.37071126
2019/10/29,39.48131414
2019/10/30,39.56102946
2019/10/31,40.67010289
2019/11/1,40.57261912
2019/11/4,40.19562545
2019/11/5,39.48236709
2019/11/6,39.78768011
2019/11/7,39.8508659
2019/11/8,39.77480081
2019/11/11,37.23775281
2019/11/12,36.96482628
2019/11/13,36.21740973
2019/11/14,36.70855494
2019/11/15,36.91527048
2019/11/18,36.3628898
2019/11/19,36.86257981
2019/11/20,37.24822533
2019/11/21,38.00029914
2019/11/22,37.64783505
2019/11/25,37.14712507
2019/11/26,38.14625039
2019/11/27,37.86592976
2019/11/29,38.09890171
2019/12/2,37.58880375
2019/12/3,35.35273558
2019/12/4,34.84681172
2019/12/5,35.02799894
2019/12/6,34.65771373
2019/12/9,34.54135965
2019/12/10,33.85502897
2019/12/11,33.59227067
2019/12/12,34.67192299
2019/12/13,35.45992861
2019/12/16,35.50660833
2019/12/17,34.9950001
2019/12/18,34.5013914
2019/12/19,35.8398905
2019/12/20,35.55459674
2019/12/23,34.83760014
2019/12/24,35.28900521
2019/12/26,35.33994721
2019/12/27,35.50507631
2019/12/30,36.8426821
2019/12/31,36.13821988
2020/1/2,35.20041625
2020/1/3,37.08692145
2020/1/6,36.38906511
2020/1/7,36.08697251
2020/1/8,35.78082696
2020/1/9,35.2961842
2020/1/10,35.22090485
2020/1/13,35.3227636
2020/1/14,35.35081682
2020/1/15,34.56978329
2020/1/16,34.76840082
2020/1/17,37.12092042
2020/1/21,36.0621641
2020/1/22,34.6718749
2020/1/23,33.83199073
2020/1/24,32.73319903
2020/1/27,31.53788535
2020/1/28,31.75897396
2020/1/29,30.65488171
2020/1/30,29.93635148
2020/1/31,31.09102248
2020/2/3,29.79007144
2020/2/4,29.28344215
2020/2/5,29.27733849
2020/2/6,28.64279652
2020/2/7,28.42228726
2020/2/10,26.1833237
2020/2/11,25.76083988
2020/2/12,24.99769321
2020/2/13,25.073328
2020/2/14,25.54912823
2020/2/18,28.22167528
2020/2/19,27.18275328
2020/2/20,28.20989135
2020/2/21,27.70321384
2020/2/24,26.66153838
2020/2/25,26.08783611
2020/2/26,26.96293747
2020/2/27,27.49468958
2020/2/28,29.29066513
2020/3/2,28.80557045
2020/3/3,28.56985292
2020/3/4,28.86378395
2020/3/5,29.65364666
2020/3/6,30.61024306
2020/3/9,30.2178122
2020/3/10,26.69667238
2020/3/11,26.6523974
2020/3/12,26.60808635
2020/3/13,24.8394178
2020/3/16,25.28060766
2020/3/17,25.1778266
2020/3/18,26.44140632
2020/3/19,25.53230076
2020/3/20,24.62583417
2020/3/23,23.25967111
2020/3/24,22.55451201
2020/3/25,23.53159702
2020/3/26,27.29103206
2020/3/27,28.89730476
2020/3/30,28.61272085
2020/3/31,27.48940562
2020/4/1,29.78772574
2020/4/2,33.47164408
2020/4/3,32.7195524
2020/4/6,31.53668473
2020/4/7,34.66357158
2020/4/8,36.54421318
2020/4/9,35.51707009
2020/4/13,36.16392239
2020/4/14,35.94898165
2020/4/15,36.08282626
2020/4/16,35.39065764
2020/4/17,34.4933285
2020/4/20,34.10006739
2020/4/21,33.83647358
2020/4/22,33.3527733
2020/4/23,33.1400958
2020/4/24,32.35094157
2020/4/27,31.79761643
2020/4/28,31.65064651
2020/4/29,31.73971683
2020/4/30,31.47565646
2020/5/1,32.06165302
2020/5/4,31.03825295
2020/5/5,34.21417373
2020/5/6,33.78538785
2020/5/7,33.19963062
2020/5/8,34.04198835
2020/5/11,33.26784759
2020/5/12,34.09037519
2020/5/13,35.52900277
2020/5/14,37.59897312
2020/5/15,36.42247944
2020/5/18,35.65463289
2020/5/19,37.80266247
2020/5/20,37.45721004
2020/5/21,39.60808119
2020/5/22,39.83520736
2020/5/26,39.81187326
2020/5/27,39.50464692
2020/5/28,39.53685369
2020/5/29,38.72007182
2020/6/1,42.56772112
2020/6/2,44.82140864
2020/6/3,43.30054061
2020/6/4,41.1904942
2020/6/5,40.60261202
2020/6/8,41.23842743
2020/6/9,41.90009008
2020/6/10,43.65052806
2020/6/11,44.77273532
2020/6/12,43.32515345
2020/6/15,44.2739544
2020/6/16,42.9496405
2020/6/17,40.47684486
2020/6/18,39.37492753
2020/6/19,38.62378089
2020/6/22,37.38570204
2020/6/23,37.50358232
2020/6/24,40.0834756
2020/6/25,41.44365723
2020/6/26,42.91294996
2020/6/29,43.62281588
2020/6/30,43.27444429
2020/7/1,47.65168819
2020/7/2,47.64246311
2020/7/6,46.98378199
2020/7/7,46.47699524
2020/7/8,46.03029548
2020/7/9,44.55313635
2020/7/10,44.72828318
2020/7/13,46.06963444
2020/7/14,46.04802167
2020/7/15,46.50400359
2020/7/16,45.88998679
2020/7/17,45.54791965
2020/7/20,45.59040176
2020/7/21,44.90545377
2020/7/22,44.67186917
2020/7/23,44.33570638
2020/7/24,44.05289778
2020/7/27,46.10863301
2020/7/28,43.05255201
2020/7/29,42.15590951
2020/7/30,41.04333314
2020/7/31,39.53835041
2020/8/3,37.50139389
2020/8/4,35.71793098
2020/8/5,37.19520935
2020/8/6,37.56848753
2020/8/7,62.86396324
2020/8/10,68.32116387
2020/8/11,67.68628144
2020/8/12,64.90772966
2020/8/13,63.81378466
2020/8/14,65.12604056
2020/8/17,66.45092938
2020/8/18,64.80828301
2020/8/19,64.49840454
2020/8/20,63.81453549
2020/8/21,53.67682123
2020/8/24,54.56528535
2020/8/25,55.07230977
2020/8/26,55.36310757
2020/8/27,52.52258202
2020/8/28,53.34647078
2020/8/31,52.58917055
2020/9/1,53.13331516
2020/9/2,53.19095603
2020/9/3,53.51326832
2020/9/4,52.98425898
2020/9/8,52.26362074
2020/9/9,51.83746143
2020/9/10,51.53720142
2020/9/11,51.05627441
2020/9/14,50.60877336
2020/9/15,50.243323
2020/9/16,50.45871356
2020/9/17,50.60296477
2020/9/18,50.12730352
2020/9/21,49.49453714
2020/9/22,48.31269675
2020/9/23,47.13965772
2020/9/24,46.9069208
2020/9/25,47.16337096
2020/9/28,47.12550288
2020/9/29,46.52179478
2020/9/30,46.31168067
2020/10/1,45.88812552
2020/10/2,45.12026444
2020/10/5,44.68003516
2020/10/6,44.87506446
2020/10/7,44.62281008
2020/10/8,44.3416201
2020/10/9,42.76560585
2020/10/12,42.11496145
2020/10/13,42.00090566
2020/10/14,41.45348864
2020/10/15,41.01466579
2020/10/16,40.21838673
2020/10/19,40.25891354
2020/10/20,39.76077138
2020/10/21,39.32361814
2020/10/22,38.00400332
2020/10/23,36.81236513
2020/10/26,36.80249591
2020/10/27,36.27301371
2020/10/28,35.34919183
2020/10/29,35.37041671
2020/10/30,33.26207991
2020/11/2,33.21760857
2020/11/3,32.030198
2020/11/4,31.33242871
2020/11/5,31.13678801
2020/11/6,29.97618328
2020/11/9,30.18767
2020/11/10,30.25747349
2020/11/11,29.30649124
2020/11/12,28.24468654
2020/11/13,27.87849626
2020/11/16,25.66415964
2020/11/17,25.84359167
2020/11/18,26.50437947
2020/11/19,26.06750038
2020/11/20,26.1073841
2020/11/23,25.46965419
2020/11/24,25.20950791
2020/11/25,25.1843614
2020/11/27,24.7096724
2020/11/30,23.17835504
2020/12/1,23.2497039
2020/12/2,22.67317644
2020/12/3,21.44149278
2020/12/4,21.58211166
2020/12/7,21.4435894
2020/12/8,21.37086069
2020/12/9,22.3980762
2020/12/10,22.06811907
2020/12/11,20.66840412
2020/12/14,20.20365253
2020/12/15,19.9532523
2020/12/16,20.85494197
2020/12/17,24.39403691
2020/12/18,24.48170176
2020/12/21,24.01949467
2020/12/22,25.31081773
2020/12/23,25.11865404
2020/12/24,24.09052615
2020/12/28,24.30548116
2020/12/29,29.86584712
2020/12/30,35.51302707
2020/12/31,37.81283187
2021/1/4,38.33573622
2021/1/5,37.55884481
2021/1/6,35.84093371
2021/1/7,33.50476045
2021/1/8,32.11406982
2021/1/11,31.92703395
2021/1/12,31.53769599
2021/1/13,29.54288681
2021/1/14,27.80868142
2021/1/15,27.09636518
2021/1/19,24.83226776
2021/1/20,23.8199484
2021/1/21,23.38129194
2021/1/22,25.24209287
2021/1/25,23.19407373
2021/1/26,22.26672409
2021/1/27,20.86464813
2021/1/28,19.90898312
2021/1/29,19.63351141
2021/2/1,18.7503102
2021/2/2,19.02068986
2021/2/3,17.99607556
2021/2/4,18.01408189
2021/2/5,17.88159792
2021/2/8,17.91827995
2021/2/9,18.49717105
2021/2/10,17.63503135
2021/2/11,16.38052715
2021/2/12,15.92240495
2021/2/16,16.0364243
2021/2/17,15.59506251
2021/2/18,15.51865726
2021/2/19,15.50862751
2021/2/22,15.35875786
2021/2/23,15.40523267
2021/2/24,14.89611394
2021/2/25,15.20276376
2021/2/26,14.977373
2021/3/1,14.47276684
2021/3/2,14.44835562
2021/3/3,15.2201596
2021/3/4,15.82812932
2021/3/5,16.12153531
2021/3/8,16.3286176
2021/3/9,16.77167719
2021/3/10,16.48880413
2021/3/11,15.73897722
2021/3/12,16.76531197
2021/3/15,17.65932333
2021/3/16,17.68473467
2021/3/17,18.83678474
2021/3/18,19.13214119
2021/3/19,19.04030509
2021/3/22,19.00610016
2021/3/23,19.83736155
2021/3/24,19.94226082
2021/3/25,20.32973348
2021/3/26,20.24258968
2021/3/29,19.59231584
2021/3/30,19.11025929
2021/3/31,19.73003644
2021/4/1,20.47580908
2021/4/5,22.32122758
2021/4/6,23.70865817
2021/4/7,23.42243479
2021/4/8,23.00602963
2021/4/9,22.97078828
2021/4/12,22.9590364
2021/4/13,22.82108352
2021/4/14,22.89978942
2021/4/15,23.12839789
2021/4/16,23.51815326
2021/4/19,23.49298437
2021/4/20,25.49384197
2021/4/21,25.42675317
2021/4/22,25.72383449
2021/4/23,25.88651503
2021/4/26,25.79633769
2021/4/27,25.44507808
2021/4/28,25.05099374
2021/4/29,23.67852098
2021/4/30,23.73353397
2021/5/3,24.00126865
2021/5/4,23.27201205
2021/5/5,22.89644777
2021/5/6,22.89432126
2021/5/7,22.27721239
2021/5/10,22.86937697
2021/5/11,22.07595181
2021/5/12,23.23920207
2021/5/13,23.42348843
2021/5/14,22.26866733
2021/5/17,25.30671743
2021/5/18,29.09831328
2021/5/19,26.43019983
2021/5/20,24.61526479
2021/5/21,24.41860901
2021/5/24,25.01310441
2021/5/25,23.67904915
2021/5/26,20.49613797
2021/5/27,22.08960321
2021/5/28,21.49262641
2021/6/1,33.98535784
2021/6/2,27.49349669
2021/6/3,25.71747993
2021/6/4,23.82391145
2021/6/7,21.87418613
2021/6/8,24.516391
2021/6/9,24.2004698
2021/6/10,24.01401972
2021/6/11,22.77954863
2021/6/14,19.44762971
2021/6/15,20.40223675
2021/6/16,19.55044553
2021/6/17,20.50541774
2021/6/18,20.81804092
2021/6/21,19.63911892
2021/6/22,19.40364748
2021/6/23,19.00420887
2021/6/24,19.72242145
2021/6/25,21.12379796
2021/6/28,20.73096035
2021/6/29,21.49049285
2021/6/30,20.83444456
2021/7/1,21.2750116
2021/7/2,22.00286826
2021/7/6,22.61930036
2021/7/7,20.9817703
2021/7/8,22.31042533
2021/7/9,22.17724232
2021/7/12,22.70459792
2021/7/13,22.60354185
2021/7/14,23.66729458
2021/7/15,22.88900332
2021/7/16,23.07766469
2021/7/19,21.85585618
2021/7/20,24.10201001
2021/7/21,24.44331761
2021/7/22,24.68983496
2021/7/23,23.84797603
2021/7/26,30.06400154
2021/7/27,29.63022866
2021/7/28,28.99584055
2021/7/29,31.10498949
2021/7/30,31.85791941
2021/8/2,32.14814435
2021/8/3,33.75242885
2021/8/4,34.0604657
2021/8/5,34.07933829
2021/8/6,35.18078276
2021/8/9,34.70968658
2021/8/10,34.42732415
2021/8/11,34.62888684
2021/8/12,32.64561811
2021/8/13,32.0132812
2021/8/16,31.40832308
2021/8/17,32.10756062
2021/8/18,32.20413136
2021/8/19,34.01288492
2021/8/20,34.91417952
2021/8/23,38.65098922
2021/8/24,43.09588437
2021/8/25,46.01182163
2021/8/26,50.33151047
2021/8/27,49.65695022
2021/8/30,50.716451
2021/8/31,51.05532773
2021/9/1,51.73796226
2021/9/2,51.8591621
2021/9/3,51.38244927
2021/9/7,53.65459994
2021/9/8,53.3138146
2021/9/9,57.69475153
2021/9/10,60.69552251
2021/9/13,61.87832635
2021/9/14,62.14965428
2021/9/15,68.56147966
2021/9/16,63.96849368
2021/9/17,63.68222082
2021/9/20,63.67987066
2021/9/21,63.0228485
2021/9/22,62.59969975
2021/9/23,63.97406786
2021/9/24,63.78155469
2021/9/27,58.92332308
2021/9/28,62.09631758
2021/9/29,57.82488227
2021/9/30,56.12507187
2021/10/1,55.48093185
2021/10/4,55.6670575
2021/10/5,54.08207199
2021/10/6,53.87440658
2021/10/7,53.42739721
2021/10/8,51.86148374
2021/10/11,49.81011665
2021/10/12,49.52870293
2021/10/13,49.92593176
2021/10/14,49.15693317
2021/10/15,48.95670962
2021/10/18,48.39716592
2021/10/19,48.77740532
2021/10/20,48.70937291
2021/10/21,48.31564219
2021/10/22,48.10981453
2021/10/25,46.54454629
2021/10/26,47.34223824
2021/10/27,48.61078039
2021/10/28,49.11236877
2021/10/29,49.63797433
2021/11/1,50.43515141
2021/11/2,49.83907742
2021/11/3,51.6281493
2021/11/4,51.73256381
2021/11/5,51.20091585
2021/11/8,50.94849312
2021/11/9,50.25140481
2021/11/10,49.07665952
2021/11/11,53.18456957
2021/11/12,52.74321634
2021/11/15,51.48468794
2021/11/16,51.06653027
2021/11/17,49.32848638
2021/11/18,48.69623541
2021/11/19,48.19582809
2021/11/22,46.76483935
2021/11/23,47.04244578
2021/11/24,49.18101597
2021/11/26,49.26367553
2021/11/29,48.29562975
2021/11/30,47.81916876
2021/12/1,44.45510221
2021/12/2,50.8357239
2021/12/3,51.35668174
2021/12/6,53.61153403
2021/12/7,54.50598686
2021/12/8,54.03273455
2021/12/9,52.34438169
2021/12/10,49.74978494
2021/12/13,49.76659229
2021/12/14,47.37604467
2021/12/15,47.39386238
2021/12/16,46.13166395
2021/12/17,43.35410161
2021/12/20,43.23010291
2021/12/21,46.62676947
2021/12/22,47.42944597
2021/12/23,46.97779553
2021/12/27,46.97736937
2021/12/28,45.75200898
2021/12/29,45.86204786
2021/12/30,45.17619092
2021/12/31,44.99717634
2022/1/3,44.89471395
2022/1/4,45.06614828
2022/1/5,45.12194654
2022/1/6,45.06194342
2022/1/7,43.5350009
2022/1/10,42.55966925
2022/1/11,42.53041412
2022/1/12,42.73638054
2022/1/13,42.8450195
2022/1/14,42.65876283
2022/1/18,42.61041768
2022/1/19,42.19445669
2022/1/20,41.2725816
2022/1/21,41.30021147
2022/1/24,41.33148701
2022/1/25,41.33212331
2022/1/26,41.38825118
2022/1/27,41.69383222
2022/1/28,41.76950254
2022/1/31,41.28234262
2022/2/1,41.35907291
2022/2/2,41.13264452
2022/2/3,41.18483503
2022/2/4,40.95311939
2022/2/7,39.96669952
2022/2/8,40.0448753
2022/2/9,44.05645681
2022/2/10,45.60827303
2022/2/11,43.79684928
2022/2/14,44.99706872
2022/2/15,48.65194432
2022/2/16,50.1713655
2022/2/17,47.30151367
2022/2/18,48.7489287
2022/2/22,49.06136838
2022/2/23,50.5814568
2022/2/24,49.70012689
2022/2/25,49.18368743
2022/2/28,48.10306564
2022/3/1,47.68821261
2022/3/2,48.93591705
2022/3/3,49.15179318
2022/3/4,51.73882072
2022/3/7,52.51254003
2022/3/8,53.55220612
2022/3/9,53.73340125
2022/3/10,53.20827408
2022/3/11,53.32031497
2022/3/14,51.84496735
2022/3/15,51.94200971
2022/3/16,52.18518404
2022/3/17,52.29710557
2022/3/18,52.83179377
2022/3/21,52.84335327
2022/3/22,52.82561878
2022/3/23,52.82121871
2022/3/24,52.48487785
2022/3/25,51.72985031
2022/3/28,51.1447898
2022/3/29,51.04193019
2022/3/30,50.73472238
2022/3/31,51.07471467
2022/4/1,50.80194154
2022/4/4,50.69355159
2022/4/5,50.54122564
2022/4/6,49.75972176
2022/4/7,48.22521732
2022/4/8,48.25245601
2022/4/11,46.96840205
2022/4/12,46.18994043
2022/4/13,44.48591998
2022/4/14,43.97177793
2022/4/18,42.8982641
2022/4/19,42.51587609
2022/4/20,42.56206499
2022/4/21,42.58197443
2022/4/22,42.77383724
2022/4/25,43.01139075
2022/4/26,41.72807721
2022/4/27,42.68164618
2022/4/28,43.05315249
2022/4/29,41.78037639
2022/5/2,41.90562254
2022/5/3,41.373189
2022/5/4,41.12826899
2022/5/5,38.96804555
2022/5/6,39.19088376
2022/5/9,39.25852588
2022/5/10,39.55295459
2022/5/11,39.28527687
2022/5/12,38.73362697
2022/5/13,38.73726756
2022/5/16,38.81318995
2022/5/17,38.64264402
2022/5/18,38.62937723
2022/5/19,38.62836628
2022/5/20,38.6487889
2022/5/23,37.68733833
2022/5/24,37.54706919
2022/5/25,37.66584884
2022/5/26,37.64662957
2022/5/27,37.63305967
2022/5/31,38.16577975
2022/6/1,40.83227514
2022/6/2,40.81473617
2022/6/3,40.6270429
2022/6/6,41.29744542
2022/6/7,41.40962565
2022/6/8,41.65287456
2022/6/9,41.70173367
2022/6/10,41.58465649
2022/6/13,41.6373058
2022/6/14,40.95800645
2022/6/15,42.2517969
2022/6/16,42.73513437
2022/6/17,43.00223145
2022/6/21,43.37743754
2022/6/22,42.5289113
2022/6/23,44.0823924
2022/6/24,43.73269643
2022/6/27,42.73980572
2022/6/28,42.3255192
2022/6/29,43.00913721
2022/6/30,43.69668906
2022/7/1,43.6007332
2022/7/5,42.05893425
2022/7/6,41.05596518
2022/7/7,40.59862255
2022/7/8,41.25193467
2022/7/11,41.77037825
2022/7/12,41.06576059
2022/7/13,41.00619741
2022/7/14,42.95093874
2022/7/15,43.81541834
2022/7/18,42.9873139
2022/7/19,43.29544028
2022/7/20,44.41279162
2022/7/21,44.04705309
2022/7/22,43.96091925
2022/7/25,43.51312955
2022/7/26,43.34419125
2022/7/27,42.87856212
2022/7/28,42.1825111
2022/7/29,42.91319052
2022/8/1,42.86806568
2022/8/2,43.22683877
2022/8/3,44.84661278
2022/8/4,44.36770838
2022/8/5,44.25828423
2022/8/8,43.07180423
2022/8/9,43.23662721
2022/8/10,46.08436763
2022/8/11,45.85344488
2022/8/12,47.41365639
2022/8/15,48.17927818
2022/8/16,49.06811288
2022/8/17,52.18026269
2022/8/18,53.64109516
2022/8/19,53.09969369
2022/8/22,51.15660386
2022/8/23,51.14679247
2022/8/24,51.51370835
2022/8/25,51.45850696
2022/8/26,53.06256996
2022/8/29,53.06182871
2022/8/30,53.27413395
2022/8/31,52.49067193
2022/9/1,52.30789762
2022/9/2,51.19608703
2022/9/6,50.63994703
2022/9/7,50.82991578
2022/9/8,50.61037017
2022/9/9,50.84751831
2022/9/12,50.05477708
2022/9/13,50.16707951
2022/9/14,49.76854811
2022/9/15,49.95202971
2022/9/16,50.18957655
2022/9/19,49.47360659
2022/9/20,49.82649418
2022/9/21,49.74851901
2022/9/22,51.42295224
2022/9/23,50.76405383
2022/9/26,51.83640688
2022/9/27,51.63507102
2022/9/28,51.63172579
2022/9/29,49.31172082
2022/9/30,48.83189346
2022/10/3,47.83141988
2022/10/4,46.77963536
2022/10/5,47.15283272
2022/10/6,46.78096619
2022/10/7,46.80182144
2022/10/10,46.54402141
2022/10/11,46.89263991
2022/10/12,46.91372226
2022/10/13,46.85416046
2022/10/14,46.7794345
2022/10/17,45.31856861
2022/10/18,45.51122487
2022/10/19,45.18229536
2022/10/20,45.06744211
2022/10/21,45.11275116
2022/10/24,45.80552766
2022/10/25,46.07819486
2022/10/26,45.83647821
2022/10/27,46.09454243
2022/10/28,45.89037787
2022/10/31,45.64989366
2022/11/1,45.14503808
2022/11/2,44.11317711
2022/11/3,44.22262503
2022/11/4,44.83133672
2022/11/7,44.61062556
2022/11/8,44.713704
2022/11/9,45.05717471
2022/11/10,45.64612436
2022/11/11,45.10298253
2022/11/14,45.14960018
2022/11/15,45.1020077
2022/11/16,44.72781411
2022/11/17,44.795162
2022/11/18,45.13742098
2022/11/21,45.99138333
2022/11/22,45.83937319
2022/11/23,45.45109426
2022/11/25,45.30007494
2022/11/28,45.61529597
2022/11/29,46.69093823
2022/11/30,47.1334415
2022/12/1,47.22338856
2022/12/2,46.71677026
2022/12/5,46.02097394
2022/12/6,45.40264634
2022/12/7,45.68871528
2022/12/8,44.80564897
2022/12/9,44.48902143
2022/12/12,44.3152893
2022/12/13,43.28974327
2022/12/14,42.29800707
2022/12/15,42.35298149
2022/12/16,42.47602964
2022/12/19,42.15566736
2022/12/20,42.09951886
2022/12/21,42.54005026
2022/12/22,42.71373352
2022/12/23,42.75606496
2022/12/27,42.37118024
2022/12/28,42.83650916
2022/12/29,43.0207916
2022/12/30,42.93434829
2023/1/3,42.44673059
2023/1/4,42.46373783
2023/1/5,42.47343277
2023/1/6,42.43919152
2023/1/9,42.82682654
2023/1/10,43.00660301
2023/1/11,42.93344841
2023/1/12,42.40496058
2023/1/13,43.11794128
2023/1/17,43.12144243
2023/1/18,42.91758943
2023/1/19,42.5975357
2023/1/20,42.60167836
2023/1/23,42.48504012
2023/1/24,42.63358529
2023/1/25,43.02739374
2023/1/26,43.12399893
2023/1/27,43.15041012
2023/1/30,43.6440403
2023/1/31,43.74926886
2023/2/1,43.80589829
2023/2/2,43.79418648
2023/2/3,43.7592117
2023/2/6,43.54093448
2023/2/7,43.49421592
2023/2/8,43.97452485
2023/2/9,44.41091638
2023/2/10,44.32445684
2023/2/13,44.40203488
2023/2/14,44.25776555
2023/2/15,44.40268704
2023/2/16,45.2431551
2023/2/17,45.58209121
2023/2/21,46.12799373
2023/2/22,45.73089194
2023/2/23,44.85965028
2023/2/24,44.33815339
2023/2/27,43.9357061
2023/2/28,43.89271773
2023/3/1,43.66278458
2023/3/2,43.81249043
2023/3/3,43.37981841
2023/3/6,43.99573447
2023/3/7,44.13939556
2023/3/8,44.29785099
2023/3/9,44.26636532
2023/3/10,43.4589461
2023/3/13,43.23481357
2023/3/14,43.05097219
2023/3/15,42.97432211
2023/3/16,43.43356292
2023/3/17,43.43810728
2023/3/20,44.19835273
2023/3/21,44.48772627
2023/3/22,45.28148863
2023/3/23,45.67644253
2023/3/24,45.32317179
2023/3/27,45.93434555
2023/3/28,46.48883843
2023/3/29,47.53851495
2023/3/30,46.99814085
2023/3/31,47.22395926
2023/4/3,46.94886767
2023/4/4,46.41567256
2023/4/5,46.22566581
2023/4/6,46.25201088
2023/4/7,46.25569957
2023/4/10,45.85003275
2023/4/11,46.28149405
2023/4/12,46.12481856
2023/4/13,46.30142516
2023/4/14,45.93360891
2023/4/17,45.62382454
2023/4/18,45.52965279
2023/4/19,45.58174222
2023/4/20,45.55187183
2023/4/21,45.56256666
2023/4/24,45.40874506
2023/4/25,45.29506924
2023/4/26,44.99451944
2023/4/27,45.09270187
2023/4/28,45.09841921
2023/5/1,45.10310999
2023/5/2,45.26364411
2023/5/3,45.21403433
2023/5/4,45.10983625
2023/5/5,45.08739175
2023/5/8,44.68559648
2023/5/9,44.57618254
2023/5/10,44.64167336
2023/5/11,44.42473305
2023/5/12,44.0876002
2023/5/15,43.72549352
2023/5/16,43.58600835
2023/5/17,43.44998248
2023/5/18,43.26931861
2023/5/19,43.25682791
2023/5/22,43.38168074
2023/5/23,43.96083099
2023/5/24,44.21251651
2023/5/25,43.94729031
2023/5/26,46.19137122
2023/5/30,45.75750303
2023/5/31,45.82384278
2023/6/1,46.03316406
2023/6/2,45.9852644
2023/6/5,45.94707155
2023/6/6,46.54014056
2023/6/7,46.98694015
2023/6/8,48.29648372
2023/6/9,47.46021299
2023/6/12,47.27520837
2023/6/13,47.33981093
2023/6/14,47.57829567
2023/6/15,47.10634211
2023/6/16,47.08515485
2023/6/20,47.15095111
2023/6/21,47.21755678
2023/6/22,46.87122026
2023/6/23,46.87370277
2023/6/26,47.28541777
2023/6/27,47.73436673
2023/6/28,47.62162875
2023/6/29,47.75800926
2023/6/30,47.56997244
2023/7/3,47.80156362
2023/7/5,48.09924926
2023/7/6,48.09637594
2023/7/7,48.07569489
2023/7/10,47.74499784
2023/7/11,47.75789954
2023/7/12,47.54237807
2023/7/13,47.62612224
2023/7/14,47.587055
2023/7/17,47.5714129
2023/7/18,47.65812248
2023/7/19,47.68619652
2023/7/20,48.68631777
2023/7/21,49.59485975
2023/7/24,49.68926377
2023/7/25,49.32496513
2023/7/26,49.34000075
2023/7/27,48.87061578
2023/7/28,48.91410653
2023/7/31,49.32128298
2023/8/1,49.38425726
2023/8/2,48.84476146
2023/8/3,49.69862992
2023/8/4,50.93076465
2023/8/7,51.84402582
2023/8/8,51.50665789
2023/8/9,51.16784779
2023/8/10,51.23629803
2023/8/11,51.38294204
2023/8/14,51.43480265
2023/8/15,51.04291098
2023/8/16,52.81727652
2023/8/17,53.35176042
2023/8/18,52.51911083
2023/8/21,53.61924316
2023/8/22,54.24770942
2023/8/23,54.46938541
2023/8/24,55.5349563
2023/8/25,55.33483533
2023/8/28,54.42781865
2023/8/29,54.33425277
2023/8/30,54.43962086
2023/8/31,54.43979606
2023/9/1,54.79865704
2023/9/5,54.53401027
2023/9/6,55.45271615
2023/9/7,54.46767418
2023/9/8,54.50301466
2023/9/11,53.93654255
2023/9/12,53.48510093
2023/9/13,53.01039978
2023/9/14,52.9863771
2023/9/15,51.73261741
2023/9/18,51.58091107
2023/9/19,51.4072971
2023/9/20,51.61621241
2023/9/21,51.74268171
2023/9/22,51.38603302
2023/9/25,51.54729625
2023/9/26,51.59141433
2023/9/27,51.54688142
2023/9/28,51.51645073
2023/9/29,51.4318146
2023/10/2,51.56236104
2023/10/3,51.58145155
2023/10/4,51.38655378
2023/10/5,52.35810451
2023/10/6,56.05292256
2023/10/9,55.41574361
2023/10/10,55.95730268
2023/10/11,56.19816923
2023/10/12,57.21451619
2023/10/13,57.11055585
2023/10/16,56.26642924
2023/10/17,56.4955774
2023/10/18,57.32178234
2023/10/19,55.3636014
2023/10/20,55.3701683
2023/10/23,55.70776428
2023/10/24,57.25085248
2023/10/25,56.96935379
2023/10/26,57.97072476
2023/10/27,56.57063627
2023/10/30,56.41112423
2023/10/31,55.60175677
2023/11/1,55.85999715
2023/11/2,56.02890747
2023/11/3,56.41969467
2023/11/6,56.25533559
2023/11/7,55.8524466
2023/11/8,55.62123554
2023/11/9,55.33956156
2023/11/10,55.39113197
2023/11/13,55.250354
2023/11/14,55.27872227
2023/11/15,55.08400345
2023/11/16,54.92260686
2023/11/17,55.16424735
2023/11/20,54.49049318
2023/11/21,55.25365913
2023/11/22,55.53583394
2023/11/24,56.2086056
2023/11/27,56.4060019
2023/11/28,57.71450184
2023/11/29,57.31738791
2023/11/30,56.03795911
2023/12/1,56.65024378
2023/12/4,58.48099264
2023/12/5,58.27173069
2023/12/6,57.2458768
2023/12/7,56.81185931
2023/12/8,56.72665704
2023/12/11,57.0843305
2023/12/12,54.86894843
2023/12/13,54.73293511
2023/12/14,55.24820455
2023/12/15,56.75764106
2023/12/18,56.7064845
2023/12/19,56.16827589
2023/12/20,55.8333371
2023/12/21,56.62151093
2023/12/22,56.24698812
2023/12/26,56.58088486
2023/12/27,56.48489036
2023/12/28,55.92208496
2023/12/29,55.40460543
2024/1/2,55.83700094
2024/1/3,56.32953951
2024/1/4,54.31388422
2024/1/5,53.59256023
2024/1/8,53.58954448
2024/1/9,52.38352223
2024/1/10,52.84853061
2024/1/11,52.83327945
2024/1/12,52.92556233
2024/1/16,56.52642378
2024/1/17,56.70525986
2024/1/18,56.89881175
2024/1/19,57.72183841
2024/1/22,58.06927732
2024/1/23,57.05775266
2024/1/24,56.29871434
2024/1/25,56.26775095
2024/1/26,56.09782733
2024/1/29,54.92252637
2024/1/30,54.90477236
2024/1/31,54.70798489
2024/2/1,54.44922939
2024/2/2,54.69811668
2024/2/5,54.71690198
2024/2/6,55.22462697
2024/2/7,55.66368742
2024/2/8,55.88172353
2024/2/9,56.7947143
2024/2/12,57.88077397
2024/2/13,57.00039021
2024/2/14,56.64186039
2024/2/15,56.73147957
2024/2/16,56.81081633
2024/2/20,56.51115403
2024/2/21,55.67827685
2024/2/22,55.82523848
2024/2/23,56.37203579
2024/2/26,55.96933762
2024/2/27,56.07971067
2024/2/28,57.01140873
2024/2/29,56.89429037
2024/3/1,56.45220344
2024/3/4,57.46909063
2024/3/5,60.18906974